cx,ticker,bid,ask,ts
IC1,EBU,,200000.0,1761416200623
NC1,REO,400.0,,1761416200623
AI1,EBU,160000.0,210000.0,1761416200623
AI1,KRE,,50000.0,1761416200623
IC1,SPT,,800.0,1761416200623
AI1,SPT,600.0,800.0,1761416200623
IC1,VF,8.0,,1761416200623
AI1,KR,500.0,2990.0,1761416200623
AI1,PFG,2000000.0,,1761416200623
AI1,VF,15.0,50.0,1761416200623
NC1,EBU,180000.0,210000.0,1761416200623
CI1,PBU,17500.0,18000.0,1761416200623
IC1,TBU,,57800.0,1761416200623
NC2,NG,,930.0,1761416200623
NC2,NUT,275.0,,1761416200623
IC1,CC,650000.0,,1761416200623
CI2,GL,,400.0,1761416200623
CI2,HD,,4000.0,1761416200623
CI2,NAB,,150.0,1761416200623
CI1,EBU,,210000.0,1761416200623
AI1,TBU,55000.0,,1761416200623
NC2,LI,,2190.0,1761416200623
AI1,SBU,30000.0,,1761416200623
AI1,NCS,40.0,44.5,1761416200623
NC2,PBU,10000.0,,1761416200623
NC2,AU,,1200.0,1761416200623
NC2,HCP,300.0,350.0,1761416200623
CI2,LSE,,10000.0,1761416200623
AI1,SRP,4000.0,20000.0,1761416200623
CI2,AR,200.0,,1761416200623
IC1,BLE,1500.0,2400.0,1761416200623
NC2,BWS,,23000.0,1761416200623
NC2,CAP,,250.0,1761416200623
AI1,CC,650000.0,2000000.0,1761416200623
CI1,CD,,20000.0,1761416200623
NC1,DOU,,260000.0,1761416200623
CI2,LES,,1500.0,1761416200623
IC1,NR,320.0,369.0,1761416200623
IC1,SCR,99.0,199.0,1761416200623
NC1,VG,2100.0,2360.0,1761416200623
AI1,BSC,40000.0,51100.0,1761416200623
NC1,ARP,,8500.0,1761416200623
CI2,BSE,1600.0,,1761416200623
IC1,HYR,1.0,1750000.0,1761416200623
NC2,IDC,,15400.0,1761416200623
NC2,SBU,20000.0,,1761416200623
AI1,SDM,1900000.0,4000000.0,1761416200623
NC2,TAI,,1000.0,1761416200623
CI1,TBU,50000.0,,1761416200623
AI1,ZIR,800.0,999.0,1761416200623
AI1,HE,101.0,114.0,1761416200623
NC2,AL,,1000.0,1761416200623
IC1,LD,,10000.0,1761416200623
IC1,AGS,,799000.0,1761416200623
CI2,BMF,22000.0,,1761416200623
NC2,BTA,1100.0,1500.0,1761416200623
NC2,CA,,1000.0,1761416200623
NC2,DCL,,6790.0,1761416200623
CI2,TI,,2000.0,1761416200623
NC2,FLX,,225.0,1761416200623
CI1,CBU,,390000.0,1761416200623
IC1,CU,1800.0,2780.0,1761416200623
CI1,GV,2000.0,2790.0,1761416200623
CI1,DW,95.7,99.8,1761416200623
CI2,HMS,,1950.0,1761416200623
NC2,BCO,,747.0,1761416200623
IC1,LFL,250000.0,444000.0,1761416200623
NC1,BID,,100000.0,1761416200623
NC2,BMF,,31000.0,1761416200623
NC1,JUI,1.0,99000.0,1761416200623
NC1,LD,10000.0,12000.0,1761416200623
IC1,LIT,,19600.0,1761416200623
IC1,PBU,16000.0,19000.0,1761416200623
NC2,SFK,,238.0,1761416200623
AI1,SFL,,79000.0,1761416200623
IC1,TCU,,175000.0,1761416200623
NC2,TUB,,180.0,1761416200623
IC1,MEA,3000.0,3360.0,1761416200623
NC1,CL,2820.0,3350.0,1761416200623
NC1,BGC,600.0,655.0,1761416200623
IC1,AMM,97.1,120.0,1761416200623
NC2,PIB,,700.0,1761416200623
NC1,PBU,16000.0,18900.0,1761416200623
CI1,NV1,140000.0,225000.0,1761416200623
CI1,BRS,200000.0,1000000.0,1761416200623
CI2,AMM,95.0,100.0,1761416200623
AI1,CD,10000.0,12000.0,1761416200623
AI1,DOU,,449000.0,1761416200623
AI1,HPR,,800000.0,1761416200623
AI1,MCB,,375000.0,1761416200623
NC2,PPA,220.0,,1761416200623
NC1,RDL,900000.0,,1761416200623
NC2,TPU,,4000.0,1761416200623
CI1,AST,2000.0,3990.0,1761416200623
AI1,SSL,,100000.0,1761416200623
NC2,GV,,2440.0,1761416200623
AI1,ACS,140000.0,175000.0,1761416200623
NC1,BR2,500000.0,800000.0,1761416200623
CI1,BSC,30000.0,46900.0,1761416200623
NC1,CHA,55000.0,100000.0,1761416200623
CI2,CL,2300.0,4000.0,1761416200623
NC2,CL,,3500.0,1761416200623
NC2,EPO,,170.0,1761416200623
CI2,EXO,,300.0,1761416200623
CI1,FAN,,2100.0,1761416200623
CI2,KOM,750.0,999.0,1761416200623
CI1,LD,9000.0,10000.0,1761416200623
NC2,MHP,,5000.0,1761416200623
CI2,MSL,90000.0,,1761416200623
NC1,NV1,135000.0,139000.0,1761416200623
AI1,PK,450.0,475.0,1761416200623
NC1,SP,2500.0,2570.0,1761416200623
NC2,TCL,,3500.0,1761416200623
AI1,TRA,1500.0,2790.0,1761416200623
NC2,VG,,2400.0,1761416200623
AI1,QCR,700000.0,1290000.0,1761416200623
CI2,BDE,2000.0,2300.0,1761416200623
CI1,FOD,25.0,495.0,1761416200623
IC1,CQL,1.0,,1761416200623
AI1,BER,290.0,523.0,1761416200623
AI1,AHP,8500.0,9500.0,1761416200623
NC1,HOP,3000.0,3370.0,1761416200623
NC2,RAD,,14500.0,1761416200623
CI1,O,92.2,94.0,1761416200623
NC1,BFR,4000.0,5900.0,1761416200623
CI1,SFE,,57900.0,1761416200623
NC1,HAB,,118000.0,1761416200623
NC2,ACS,,124000.0,1761416200623
IC1,ADR,70000.0,,1761416200623
NC2,BAC,,2250.0,1761416200623
CI2,BWS,22000.0,,1761416200623
AI1,CAP,300.0,398.0,1761416200623
CI2,CQS,600000.0,,1761416200623
CI1,CQT,100000.0,320000.0,1761416200623
CI1,DIS,4700.0,8800.0,1761416200623
IC1,FC,4200.0,5460.0,1761416200623
CI2,FIM,,4000.0,1761416200623
NC2,RDE,,35000.0,1761416200623
NC2,SF,8.0,15.0,1761416200623
IC1,TCO,,560.0,1761416200623
CI2,VG,,5000.0,1761416200623
CI1,I,518.0,900.0,1761416200623
CI2,CTF,16000.0,,1761416200623
NC1,BSE,1610.0,1630.0,1761416200623
CI1,BMF,,34000.0,1761416200623
CI1,BAI,17000.0,,1761416200623
AI1,BR1,600000.0,960000.0,1761416200623
CI2,NFI,8.0,15.0,1761416200623
CI1,AL,1020.0,1160.0,1761416200623
NC1,CLI,150.0,235.0,1761416200623
IC1,CBL,91000.0,100000.0,1761416200623
NC1,ADR,82000.0,120000.0,1761416200623
AI1,ETC,,19900.0,1761416200623
AI1,ARP,,10000.0,1761416200623
NC2,BHP,,3700.0,1761416200623
NC2,CBM,,69900.0,1761416200623
IC1,CF,3000.0,7840.0,1761416200623
AI1,CST,,4450.0,1761416200623
CI1,CTF,14000.0,,1761416200623
NC2,CTF,,20500.0,1761416200623
NC1,DA,50000.0,,1761416200623
IC1,DCH,20000.0,,1761416200623
CI1,DDT,2400.0,3800.0,1761416200623
AI1,GC,80.0,360.0,1761416200623
AI1,SEQ,18000.0,19000.0,1761416200623
AI1,SIL,,2840.0,1761416200623
CI1,CAF,1350.0,2000.0,1761416200623
CI1,MHL,3810.0,4800.0,1761416200623
CI1,CCD,80000.0,90000.0,1761416200623
AI1,BBH,2500.0,2550.0,1761416200623
CI1,SSC,376.0,640.0,1761416200623
AI1,MHL,4500.0,5310.0,1761416200623
IC1,SEN,700.0,1850.0,1761416200623
NC2,MHL,,4900.0,1761416200623
NC2,DCM,,4900.0,1761416200623
IC1,BGC,500.0,599.0,1761416200623
AI1,COF,772.0,866.0,1761416200623
CI2,ASE,33000.0,,1761416200623
IC1,AWH,,24800.0,1761416200623
NC1,AWH,12000.0,19000.0,1761416200623
AI1,BLE,2000.0,3000.0,1761416200623
NC2,CD,,13200.0,1761416200623
CI2,CLI,170.0,250.0,1761416200623
NC2,DCS,,1840.0,1761416200623
CI1,DD,,44400.0,1761416200623
CI2,DDT,,3500.0,1761416200623
IC1,DIS,,6500.0,1761416200623
CI1,DOU,,449000.0,1761416200623
IC1,ENG,100000.0,1100000.0,1761416200623
NC1,LIS,451000.0,475000.0,1761416200623
NC2,NA,1.0,16.0,1761416200623
CI2,OVE,101.0,125.0,1761416200623
CI2,SIL,,10000.0,1761416200623
NC2,CLI,,375.0,1761416200623
NC2,GIN,1300.0,1900.0,1761416200623
CI2,PE,,12.0,1761416200623
CI1,FAL,,4250.0,1761416200623
NC2,FE,625.0,850.0,1761416200623
AI1,PDA,2200.0,2400.0,1761416200623
AI1,N,124.0,125.0,1761416200623
IC1,ADS,90000.0,120000.0,1761416200623
CI1,BL,8000.0,9000.0,1761416200623
NC1,BPT,4800.0,11500.0,1761416200623
NC2,BSC,,52000.0,1761416200623
IC1,BWH,3500.0,,1761416200623
CI1,CQS,600000.0,900000.0,1761416200623
CI1,CST,,2400.0,1761416200623
NC1,DIS,,8800.0,1761416200623
AI1,DRF,5200.0,5700.0,1761416200623
CI1,EDC,8000.0,9400.0,1761416200623
CI2,EDC,,11000.0,1761416200623
NC2,EXO,,310.0,1761416200623
CI1,HD,2100.0,2650.0,1761416200623
NC2,HER,1750.0,2400.0,1761416200623
NC2,PSL,,4130.0,1761416200623
AI1,RDL,1200000.0,1500000.0,1761416200623
CI2,S,,250.0,1761416200623
CI2,SCN,,2500.0,1761416200623
IC1,ACS,,140000.0,1761416200623
IC1,BAC,2100.0,2300.0,1761416200623
IC1,FAL,1000.0,2680.0,1761416200623
NC1,BE,1300.0,1600.0,1761416200623
IC1,BCO,650.0,681.0,1761416200623
AI1,HEX,1000.0,2000.0,1761416200623
IC1,CBS,42000.0,43800.0,1761416200623
CI1,WR,140000.0,,1761416200623
IC1,SIL,,2530.0,1761416200623
CI1,THF,411.0,459.0,1761416200623
NC2,ADS,,128000.0,1761416200623
NC1,BLE,1900.0,2400.0,1761416200623
CI1,BR2,,949000.0,1761416200623
NC1,CA,207.0,1200.0,1761416200623
NC1,CQT,100000.0,278000.0,1761416200623
NC1,CRU,300000.0,1000000.0,1761416200623
NC1,DD,36000.0,38900.0,1761416200623
NC1,DV,14000.0,15000.0,1761416200623
AI1,EES,,55000.0,1761416200623
CI1,F,1900.0,4400.0,1761416200623
AI1,FAL,1920.0,2400.0,1761416200623
CI2,FEO,60.0,,1761416200623
NC1,GL,255.0,310.0,1761416200623
CI2,MAG,,300.0,1761416200623
NC2,MED,1000.0,1400.0,1761416200623
IC1,RED,60000.0,,1761416200623
CI1,FET,2500.0,3880.0,1761416200623
CI1,LFE,155000.0,174000.0,1761416200623
IC1,HOP,1510.0,2250.0,1761416200623
CI1,BER,400.0,529.0,1761416200623
AI1,AUO,405.0,470.0,1761416200623
IC1,HER,1810.0,2260.0,1761416200623
CI1,WS,3000.0,4500.0,1761416200623
IC1,GV,2200.0,2280.0,1761416200623
CI1,ADS,101000.0,120000.0,1761416200623
NC2,RAM,,3000.0,1761416200623
CI1,AEF,3730.0,4450.0,1761416200623
AI1,LSE,9510.0,10000.0,1761416200623
IC1,CAP,100.0,280.0,1761416200623
IC1,CQS,,829000.0,1761416200623
IC1,DCM,3500.0,,1761416200623
AI1,DV,13000.0,14000.0,1761416200623
IC1,F,310.0,2300.0,1761416200623
NC2,FIM,,1900.0,1761416200623
NC2,FLP,,630.0,1761416200623
NC1,HHP,,5000.0,1761416200623
NC1,PK,450.0,950.0,1761416200623
NC1,PSS,1010.0,1340.0,1761416200623
NC1,TA,9000.0,10000.0,1761416200623
AI1,BAI,18000.0,,1761416200623
NC2,FF,17.1,20.0,1761416200623
IC1,DCS,1460.0,2300.0,1761416200623
CI1,SFL,,138000.0,1761416200623
IC1,AWF,,6000.0,1761416200623
CI2,DW,100.0,110.0,1761416200623
IC1,ALE,1210.0,1250.0,1761416200623
CI1,BE,1460.0,1600.0,1761416200623
NC2,BEA,250.0,325.0,1761416200623
NC1,BND,200.0,225.0,1761416200623
CI2,CBS,,50000.0,1761416200623
AI1,DA,45000.0,60000.0,1761416200623
CI1,DCS,1520.0,1840.0,1761416200623
NC1,FET,3500.0,4010.0,1761416200623
NC2,FOD,400.0,,1761416200623
NC1,FUN,,199000.0,1761416200623
CI2,GAL,,160.0,1761416200623
NC2,GAL,,275.0,1761416200623
AI1,GCH,,14500.0,1761416200623
NC1,GCH,,8000.0,1761416200623
CI2,H,100.0,115.0,1761416200623
AI1,IMM,100000.0,110000.0,1761416200623
CI1,VCB,,971000.0,1761416200623
NC2,C,,750.0,1761416200623
CI1,COM,71100.0,120000.0,1761416200623
CI1,SRP,,22000.0,1761416200623
IC1,BER,450.0,480.0,1761416200623
IC1,BRM,100.0,244.0,1761416200623
NC1,CBL,91100.0,94800.0,1761416200623
IC1,HE3,300.0,469.0,1761416200623
IC1,RAD,,19000.0,1761416200623
IC1,LIO,340.0,360.0,1761416200623
CI1,BEA,330.0,385.0,1761416200623
CI1,AWH,,24900.0,1761416200623
CI2,CBL,,91000.0,1761416200623
NC2,CBL,,92000.0,1761416200623
IC1,CRU,200000.0,,1761416200623
NC1,ENG,700000.0,975000.0,1761416200623
NC1,FOD,320.0,450.0,1761416200623
IC1,GEN,170000.0,200000.0,1761416200623
NC2,GL,,297.0,1761416200623
CI1,BOR,331.0,550.0,1761416200623
IC1,RDE,25800.0,36000.0,1761416200623
NC2,BBH,1960.0,2550.0,1761416200623
IC1,OVE,101.0,152.0,1761416200623
CI1,ZIR,500.0,2000.0,1761416200623
AI1,AGS,250000.0,,1761416200623
NC2,HCC,,800.0,1761416200623
AI1,ZR,14000.0,16000.0,1761416200623
NC1,CQS,,750000.0,1761416200623
IC1,I,377.0,876.0,1761416200623
NC1,HER,1900.0,2180.0,1761416200623
NC1,VEG,258.0,324.0,1761416200623
NC1,RCO,1160.0,1350.0,1761416200623
NC1,NN,56000.0,57000.0,1761416200623
NC1,NA,25.0,25.1,1761416200623
NC1,ABH,46500.0,48300.0,1761416200623
NC1,ATP,,25000.0,1761416200623
NC1,AWF,5000.0,5200.0,1761416200623
CI1,BGO,2100.0,2670.0,1761416200623
CI1,BGS,,199000.0,1761416200623
IC1,BOS,2910.0,5000.0,1761416200623
CI1,DV,10000.0,14000.0,1761416200623
NC1,EDC,8000.0,9890.0,1761416200623
NC2,H2O,41.0,42.0,1761416200623
CI1,HAB,,140000.0,1761416200623
NC2,HAL,,269.0,1761416200623
IC1,HCC,650.0,750.0,1761416200623
CI2,HE,,350.0,1761416200623
NC2,HE,,65.0,1761416200623
NC2,LIO,,68.6,1761416200623
IC1,MAG,104.0,220.0,1761416200623
NC1,PSH,8000.0,12000.0,1761416200623
IC1,SBU,30000.0,31400.0,1761416200623
CI1,SSL,,35000.0,1761416200623
CI1,SUN,351.0,650.0,1761416200623
NC1,EES,38000.0,43900.0,1761416200623
NC1,ETC,11000.0,18400.0,1761416200623
IC1,INS,156.0,179.0,1761416200623
NC1,COT,3030.0,3900.0,1761416200623
NC1,TBU,54000.0,57800.0,1761416200623
IC1,EPO,160.0,174.0,1761416200623
IC1,HSE,12200.0,13000.0,1761416200623
AI1,DIS,,7500.0,1761416200623
IC1,BDE,2310.0,2340.0,1761416200623
NC2,ABH,,60000.0,1761416200623
CI1,BOS,,5150.0,1761416200623
IC1,PFE,660.0,1490.0,1761416200623
NC1,LHP,3300.0,4000.0,1761416200623
CI2,AL,950.0,1250.0,1761416200623
AI1,AR,129.0,195.0,1761416200623
CI1,CBM,63000.0,,1761416200623
IC1,HEX,1000.0,2000.0,1761416200623
NC1,HEX,1000.0,2000.0,1761416200623
NC2,HMS,,2000.0,1761416200623
CI2,HOP,,2400.0,1761416200623
CI1,HPC,25000.0,27000.0,1761416200623
IC1,HPC,27000.0,,1761416200623
IC1,BHP,2750.0,4140.0,1761416200623
NC1,BRM,196.0,249.0,1761416200623
AI1,SUN,520.0,620.0,1761416200623
IC1,PK,,1350.0,1761416200623
IC1,FSE,650000.0,950000.0,1761416200623
CI1,AR,141.0,154.0,1761416200623
CI1,NCS,37.0,40.5,1761416200623
IC1,LDE,9230.0,13500.0,1761416200623
CI1,PDA,2000.0,2590.0,1761416200623
NC2,AR,,270.0,1761416200623
NC2,REP,600.0,800.0,1761416200623
CI1,BCO,700.0,800.0,1761416200623
CI1,LST,100.0,120.0,1761416200623
IC1,LBH,4400.0,5000.0,1761416200623
AI1,BR2,,899000.0,1761416200623
AI1,MAG,305.0,400.0,1761416200623
IC1,ADE,35000.0,45900.0,1761416200623
CI2,AUO,225.0,,1761416200623
IC1,EES,,69700.0,1761416200623
AI1,F,1000.0,3900.0,1761416200623
AI1,GWS,7000000.0,,1761416200623
NC2,HPC,,28000.0,1761416200623
NC1,HPR,,790000.0,1761416200623
NC2,HSE,5000.0,12000.0,1761416200623
CI1,HTE,,5000000.0,1761416200623
NC2,I,,1110.0,1761416200623
NC1,GEN,165000.0,270000.0,1761416200623
IC1,AR,125.0,238.0,1761416200623
NC2,AWF,,5950.0,1761416200623
AI1,PT,495.0,638.0,1761416200623
AI1,AST,2510.0,3400.0,1761416200623
IC1,CLI,110.0,180.0,1761416200623
AI1,CL,2720.0,3400.0,1761416200623
AI1,POW,14100.0,15500.0,1761416200623
CI1,LCB,,733000.0,1761416200623
IC1,PWO,320.0,365.0,1761416200623
CI1,MB,7700.0,8000.0,1761416200623
NC2,COT,,4000.0,1761416200623
CI2,ALE,,1500.0,1761416200623
IC1,RHP,,4990.0,1761416200623
NC1,RHP,,4980.0,1761416200623
NC2,BDE,2000.0,2300.0,1761416200623
AI1,FFC,240000.0,265000.0,1761416200623
NC1,HTE,3000000.0,5000000.0,1761416200623
NC2,KV,,34000.0,1761416200623
NC2,LC,,5000.0,1761416200623
AI1,LES,950.0,1980.0,1761416200623
NC1,ALG,300.0,340.0,1761416200623
IC1,C,760.0,794.0,1761416200623
CI1,SCN,2180.0,2400.0,1761416200623
CI1,LES,950.0,1300.0,1761416200623
CI1,GIN,1420.0,1710.0,1761416200623
IC1,AEF,3030.0,4780.0,1761416200623
NC1,CQL,1500000.0,1700000.0,1761416200623
AI1,CCD,80100.0,80200.0,1761416200623
CI1,BND,,325.0,1761416200623
IC1,MSL,120000.0,,1761416200623
CI1,RTA,11700.0,15500.0,1761416200623
NC1,MFK,225.0,258.0,1761416200623
IC1,AU,1110.0,1390.0,1761416200623
NC1,CD,12000.0,,1761416200623
NC1,GRA,2810.0,3200.0,1761416200623
IC1,NST,1300.0,1670.0,1761416200623
CI1,HCC,675.0,799.0,1761416200623
CI1,BRO,2010.0,3000.0,1761416200623
IC1,DA,50000.0,55000.0,1761416200623
NC1,LCB,310000.0,740000.0,1761416200623
CI2,LDE,,10000.0,1761416200623
AI1,LDI,,549.0,1761416200623
NC2,LDI,,740.0,1761416200623
CI1,LFP,3000.0,9000.0,1761416200623
AI1,RGO,1800.0,2490.0,1761416200623
NC1,STL,1800.0,1850.0,1761416200623
AI1,ES,1210.0,1380.0,1761416200623
AI1,SA,7200.0,,1761416200623
IC1,HSS,2000.0,2680.0,1761416200623
AI1,CQL,,1900000.0,1761416200623
AI1,HD,2320.0,2700.0,1761416200623
NC1,FC,5100.0,5400.0,1761416200623
NC1,AEF,5000.0,5150.0,1761416200623
AI1,AEF,4200.0,5450.0,1761416200623
AI1,TCS,2450.0,3900.0,1761416200623
CI2,FLX,,250.0,1761416200623
CI2,LC,,9000.0,1761416200623
NC2,BGC,,720.0,1761416200623
AI1,ALO,195.0,200.0,1761416200623
NC2,AAR,,16200.0,1761416200623
NC1,ACS,,124000.0,1761416200623
NC2,DIS,,9000.0,1761416200623
CI2,INS,,160.0,1761416200623
AI1,LC,4520.0,6200.0,1761416200623
AI1,LIT,,18000.0,1761416200623
NC2,LOG,,69700.0,1761416200623
CI1,MFE,60000.0,91800.0,1761416200623
IC1,NV1,135000.0,136000.0,1761416200623
NC1,RSI,500.0,1090.0,1761416200623
IC1,SEQ,16000.0,,1761416200623
NC1,ATA,24100.0,27900.0,1761416200623
AI1,FSE,700000.0,1490000.0,1761416200623
CI1,CQL,,1900000.0,1761416200623
CI1,ALO,182.0,219.0,1761416200623
CI1,PPA,,265.0,1761416200623
NC1,GV,2050.0,2450.0,1761416200623
AI1,FLO,21000.0,30000.0,1761416200623
CI1,MGS,121.0,199.0,1761416200623
IC1,N,92.0,99.9,1761416200623
AI1,LU,,140000.0,1761416200623
NC2,AEF,,4500.0,1761416200623
AI1,BRP,4000.0,6000.0,1761416200623
CI2,N,100.0,130.0,1761416200623
AI1,HCC,675.0,734.0,1761416200623
NC1,OFF,90.0,96.0,1761416200623
CI1,LIO,400.0,480.0,1761416200623
NC1,SIO,105.0,121.0,1761416200623
IC1,CCD,80000.0,80100.0,1761416200623
IC1,CQT,,500000.0,1761416200623
CI2,DD,,25000.0,1761416200623
IC1,FIR,,1400000.0,1761416200623
NC2,HE3,220.0,942.0,1761416200623
IC1,IDC,11000.0,11100.0,1761416200623
NC2,INS,,170.0,1761416200623
CI2,MAI,,400.0,1761416200623
NC2,MAI,300.0,380.0,1761416200623
AI1,MB,7600.0,8990.0,1761416200623
NC2,MB,,8400.0,1761416200623
AI1,TCO,401.0,800.0,1761416200623
CI1,ADR,71000.0,100000.0,1761416200623
NC1,HSE,12500.0,13500.0,1761416200623
CI1,MAG,89.0,349.0,1761416200623
NC1,FAN,1830.0,2190.0,1761416200623
NC1,BRO,1800.0,2300.0,1761416200623
NC1,LES,915.0,1490.0,1761416200623
CI1,NN,55000.0,57000.0,1761416200623
NC2,ATA,,38000.0,1761416200623
CI1,ATA,,27500.0,1761416200623
AI1,GRN,340.0,369.0,1761416200623
NC2,MG,,80.0,1761416200623
NC2,F,,2900.0,1761416200623
IC1,BBH,2540.0,2550.0,1761416200623
AI1,HE3,270.0,550.0,1761416200623
IC1,FOD,400.0,499.0,1761416200623
NC1,APT,12000.0,,1761416200623
IC1,BRO,1000.0,2500.0,1761416200623
NC2,COM,,116000.0,1761416200623
AI1,DCH,23000.0,38000.0,1761416200623
CI1,ENG,,997000.0,1761416200623
CI2,HE3,350.0,,1761416200623
IC1,VEG,292.0,332.0,1761416200623
CI2,LTA,,3800.0,1761416200623
NC2,LTA,3000.0,3800.0,1761416200623
NC2,MAG,,350.0,1761416200623
CI2,MFK,22.0,,1761416200623
CI2,RDE,,27000.0,1761416200623
IC1,GRA,2630.0,3320.0,1761416200623
IC1,HCB,,3900000.0,1761416200623
NC1,GC,288.0,400.0,1761416200623
IC1,GAL,200.0,267.0,1761416200623
NC2,MGS,,85.0,1761416200623
AI1,FC,3600.0,4640.0,1761416200623
NC1,BAI,17000.0,20000.0,1761416200623
IC1,GIN,1500.0,1610.0,1761416200623
NC1,CU,1810.0,1980.0,1761416200623
AI1,DD,36000.0,40000.0,1761416200623
AI1,TRS,100000.0,250000.0,1761416200623
NC1,DCM,4360.0,5100.0,1761416200623
CI1,BRP,,6000.0,1761416200623
AI1,CQT,,549000.0,1761416200623
AI1,I,859.0,1380.0,1761416200623
CI2,REP,,700.0,1761416200623
IC1,MPC,1600.0,2210.0,1761416200623
AI1,TIO,251.0,300.0,1761416200623
NC2,MCG,27.0,35.0,1761416200623
NC1,DCS,1900.0,2200.0,1761416200623
CI1,DEC,,19500.0,1761416200623
NC1,KOM,780.0,848.0,1761416200623
AI1,EXO,248.0,309.0,1761416200623
IC1,MLI,,30000.0,1761416200623
NC1,PDA,2000.0,2300.0,1761416200623
CI1,MHP,,4300.0,1761416200623
IC1,MHP,3000.0,4800.0,1761416200623
NC1,AU,1520.0,1790.0,1761416200623
CI1,MPC,1620.0,2100.0,1761416200623
AI1,MTC,,2400.0,1761416200623
NC1,LI,1760.0,2230.0,1761416200623
CI1,BTA,1400.0,1550.0,1761416200623
NC2,ASE,,48000.0,1761416200623
CI1,CQM,,1300000.0,1761416200623
CI1,MWF,1.0,399.0,1761416200623
IC1,LFE,150000.0,175000.0,1761416200623
AI1,TSH,32400.0,33900.0,1761416200623
AI1,WAI,90000.0,96000.0,1761416200623
IC1,LES,,1430.0,1761416200623
CI1,CL,3000.0,3300.0,1761416200623
NC1,H2O,39.9,40.0,1761416200623
CI1,ES,1110.0,1390.0,1761416200623
AI1,MHP,4500.0,5990.0,1761416200623
NC1,N,95.0,100.0,1761416200623
NC2,N,90.0,97.0,1761416200623
CI1,AWF,,6000.0,1761416200623
IC1,CTF,16000.0,,1761416200623
NC1,DCH,22000.0,23000.0,1761416200623
CI1,DCM,3710.0,6000.0,1761416200623
AI1,FET,2700.0,3200.0,1761416200623
AI1,GV,2100.0,2290.0,1761416200623
AI1,LCB,500000.0,650000.0,1761416200623
AI1,LFP,3500.0,,1761416200623
NC2,MWF,,410.0,1761416200623
NC2,NAB,70.0,140.0,1761416200623
CI2,NCS,,90.0,1761416200623
IC1,NCS,29.0,39.0,1761416200623
NC2,NCS,,50.0,1761416200623
CI1,NST,1210.0,1600.0,1761416200623
NC1,SCB,,79000.0,1761416200623
CI2,MCG,30.0,35.0,1761416200623
AI1,BFR,3500.0,4500.0,1761416200623
NC1,MLI,24000.0,33000.0,1761416200623
IC1,TUB,100.0,248.0,1761416200623
NC1,FLO,21000.0,,1761416200623
CI1,FC,4500.0,5000.0,1761416200623
NC2,LHP,,3500.0,1761416200623
CI2,NG,,1300.0,1761416200623
NC2,VEG,300.0,375.0,1761416200623
CI2,AST,,10000.0,1761416200623
AI1,CA,600.0,1200.0,1761416200623
NC2,CF,,7850.0,1761416200623
NC2,LBH,4900.0,6500.0,1761416200623
CI1,LCR,1800.0,,1761416200623
CI1,LDI,350.0,649.0,1761416200623
CI1,NG,650.0,1000.0,1761416200623
IC1,NG,655.0,1000.0,1761416200623
NC1,RCT,,1200000.0,1761416200623
CI1,BR1,500000.0,800000.0,1761416200623
AI1,HOP,1660.0,2850.0,1761416200623
IC1,COT,2700.0,3130.0,1761416200623
CI1,CA,200.0,500.0,1761416200623
NC1,BL,8000.0,9000.0,1761416200623
AI1,WM,11000.0,11900.0,1761416200623
NC2,BTS,,529.0,1761416200623
AI1,AWH,12000.0,19500.0,1761416200623
CI2,O,83.5,110.0,1761416200623
NC2,O,75.0,90.0,1761416200623
NC1,AR,166.0,230.0,1761416200623
AI1,BRM,172.0,180.0,1761416200623
IC1,AST,,2800.0,1761416200623
IC1,BTA,1110.0,1450.0,1761416200623
AI1,BRO,2020.0,2500.0,1761416200623
AI1,DDT,2500.0,2600.0,1761416200623
CI1,DRF,5500.0,6500.0,1761416200623
AI1,GEN,,200000.0,1761416200623
NC2,MGC,,20000.0,1761416200623
CI2,MGS,,130.0,1761416200623
CI2,NST,,2500.0,1761416200623
NC2,NST,,1570.0,1761416200623
CI2,NUT,,300.0,1761416200623
NC2,OFF,,100.0,1761416200623
AI1,RTA,14100.0,16400.0,1761416200623
NC1,CQM,650000.0,1000000.0,1761416200623
AI1,HTE,3500000.0,,1761416200623
IC1,EXO,310.0,325.0,1761416200623
AI1,ADS,90100.0,115000.0,1761416200623
CI1,CHA,,52000.0,1761416200623
CI1,GAL,141.0,169.0,1761416200623
CI2,DIS,,9500.0,1761416200623
IC1,DCL,,7990.0,1761416200623
IC1,FEO,111.0,119.0,1761416200623
AI1,AWF,5500.0,5700.0,1761416200623
NC2,LST,100.0,110.0,1761416200623
CI1,DCL,,6750.0,1761416200623
NC1,OS,44000.0,47000.0,1761416200623
IC1,FE,1000.0,1310.0,1761416200623
NC1,LIO,326.0,390.0,1761416200623
CI2,DV,,15000.0,1761416200623
CI1,EES,24000.0,55000.0,1761416200623
IC1,KV,29000.0,31800.0,1761416200623
AI1,MWF,400.0,459.0,1761416200623
CI2,NA,1.1,25.1,1761416200623
IC1,NFI,16.0,17.2,1761416200623
NC2,NS,,342.0,1761416200623
CI1,PCB,2600.0,3600.0,1761416200623
IC1,PCB,1800.0,2730.0,1761416200623
NC2,PCB,,3390.0,1761416200623
CI2,PDA,2200.0,3000.0,1761416200623
AI1,PFE,440.0,1140.0,1761416200623
AI1,MPC,2010.0,2210.0,1761416200623
IC1,LIS,450000.0,470000.0,1761416200623
CI1,SWF,150.0,206.0,1761416200623
CI1,IND,3600.0,6000.0,1761416200623
NC1,HAL,275.0,317.0,1761416200623
CI1,NAB,90.0,100.0,1761416200623
AI1,SDR,100000.0,101000.0,1761416200623
NC1,DCL,5800.0,6900.0,1761416200623
AI1,HCP,350.0,360.0,1761416200623
AI1,HOG,7800.0,,1761416200623
IC1,SSC,520.0,609.0,1761416200623
NC1,ZIR,420.0,5000.0,1761416200623
AI1,NAB,,50.0,1761416200623
NC1,MED,1210.0,1370.0,1761416200623
AI1,ABH,43800.0,50000.0,1761416200623
CI1,CBL,91000.0,94000.0,1761416200623
AI1,MAI,300.0,360.0,1761416200623
AI1,LIO,400.0,585.0,1761416200623
IC1,DEC,,15000.0,1761416200623
CI2,EES,,75000.0,1761416200623
AI1,FAN,1910.0,2290.0,1761416200623
CI2,FF,19.0,21.6,1761416200623
CI1,FUN,,250000.0,1761416200623
IC1,GL,265.0,360.0,1761416200623
CI2,MCB,175000.0,,1761416200623
AI1,NV1,136000.0,140000.0,1761416200623
CI1,OS,,50000.0,1761416200623
CI2,PIB,,700.0,1761416200623
AI1,PSH,8000.0,100000.0,1761416200623
NC2,ZIR,,648.0,1761416200623
IC1,BE,,1700.0,1761416200623
IC1,QCR,500000.0,1000000.0,1761416200623
CI1,BAC,,2000.0,1761416200623
IC1,LST,131.0,165.0,1761416200623
IC1,PSH,,9500.0,1761416200623
AI1,TPU,3200.0,3590.0,1761416200623
NC1,HYR,,1740000.0,1761416200623
CI1,GRA,3000.0,3590.0,1761416200623
AI1,AL,950.0,999.0,1761416200623
NC1,DDT,2610.0,2860.0,1761416200623
AI1,MUS,310.0,320.0,1761416200623
AI1,PIB,400.0,700.0,1761416200623
AI1,BWS,22000.0,22800.0,1761416200623
NC1,OVE,138.0,145.0,1761416200623
AI1,RAD,14200.0,15500.0,1761416200623
CI1,MUS,241.0,310.0,1761416200623
CI1,HE,105.0,112.0,1761416200623
IC1,MWF,30.0,480.0,1761416200623
NC1,NF,10400.0,15000.0,1761416200623
CI1,PK,,999.0,1761416200623
NC2,PSH,,13000.0,1761416200623
NC2,PSS,,1600.0,1761416200623
CI2,PWO,,290.0,1761416200623
NC2,PWO,300.0,345.0,1761416200623
NC1,RAG,500000.0,750000.0,1761416200623
IC1,RAM,,2890.0,1761416200623
CI1,LIT,,19900.0,1761416200623
NC1,NCS,36.1,39.0,1761416200623
IC1,MFL,200000.0,299000.0,1761416200623
IC1,IND,3250.0,5450.0,1761416200623
CI1,HSE,13500.0,15500.0,1761416200623
CI2,PT,,480.0,1761416200623
CI1,MLI,17000.0,,1761416200623
NC1,NFI,16.5,17.0,1761416200623
CI1,AGS,,595000.0,1761416200623
CI1,DA,36000.0,50000.0,1761416200623
IC1,LHP,3600.0,4000.0,1761416200623
NC2,PSM,,3000.0,1761416200623
NC2,RAT,145.0,160.0,1761416200623
CI2,RBH,,19500.0,1761416200623
NC2,RBH,,25000.0,1761416200623
NC2,RCO,900.0,1450.0,1761416200623
CI1,RCS,,400000.0,1761416200623
CI1,RCT,750000.0,1300000.0,1761416200623
IC1,RCT,,1200000.0,1761416200623
IC1,BID,,100000.0,1761416200623
CI1,N,107.0,112.0,1761416200623
IC1,NL,4560.0,5850.0,1761416200623
CI1,MEA,3100.0,3500.0,1761416200623
CI1,PIB,200.0,700.0,1761416200623
IC1,TRU,423.0,597.0,1761416200623
CI1,QCR,750000.0,998000.0,1761416200623
IC1,BEA,320.0,440.0,1761416200623
AI1,DCL,6000.0,7200.0,1761416200623
NC1,MUS,300.0,330.0,1761416200623
AI1,WCB,600000.0,698000.0,1761416200623
NC1,ADS,114000.0,120000.0,1761416200623
AI1,FEO,176.0,210.0,1761416200623
NC1,EXO,333.0,350.0,1761416200623
NC1,BEA,301.0,350.0,1761416200623
NC1,NOZ,10000.0,,1761416200623
CI1,LIS,451000.0,475000.0,1761416200623
CI2,LST,,150.0,1761416200623
AI1,RCT,,1100000.0,1761416200623
CI1,RDL,800000.0,1500000.0,1761416200623
NC1,RED,60000.0,61000.0,1761416200623
AI1,RHP,2500.0,3400.0,1761416200623
NC2,ROM,,4500.0,1761416200623
IC1,BL,5500.0,8000.0,1761416200623
IC1,FET,1000.0,3190.0,1761416200623
CI1,RDE,30000.0,40000.0,1761416200623
NC1,SI,1810.0,1830.0,1761416200623
IC1,FFC,240000.0,280000.0,1761416200623
NC2,S,,140.0,1761416200623
NC1,QCR,750000.0,999000.0,1761416200623
AI1,S,187.0,225.0,1761416200623
NC2,SAR,,34000.0,1761416200623
CI1,SIL,600.0,1870.0,1761416200623
CI1,RAD,14100.0,16400.0,1761416200623
IC1,AAR,,14800.0,1761416200623
CI1,CC,650000.0,675000.0,1761416200623
NC2,ES,,1440.0,1761416200623
NC2,GRN,325.0,394.0,1761416200623
CI2,H2O,10.0,40.0,1761416200623
NC1,IDC,11000.0,11100.0,1761416200623
NC2,MPC,,2600.0,1761416200623
NC2,RSE,,29000.0,1761416200623
AI1,RSH,25000.0,38000.0,1761416200623
NC2,RTA,,20000.0,1761416200623
CI1,SA,2900.0,,1761416200623
NC1,SA,,12000.0,1761416200623
CI1,SAL,5000.0,9800.0,1761416200623
NC1,SAL,9000.0,10900.0,1761416200623
AI1,MEA,3100.0,3950.0,1761416200623
CI1,HYR,,1750000.0,1761416200623
CI1,CU,1710.0,2250.0,1761416200623
CI1,RED,60000.0,70000.0,1761416200623
NC1,AEN,989000.0,,1761416200623
NC1,FAL,2350.0,3400.0,1761416200623
IC1,ABH,31000.0,48500.0,1761416200623
CI1,SEN,680.0,740.0,1761416200623
IC1,RBH,14900.0,19500.0,1761416200623
NC2,MEA,,3900.0,1761416200623
CI2,SEN,610.0,,1761416200623
CI2,BRO,,2500.0,1761416200623
IC1,FAN,,2200.0,1761416200623
NC2,H,,105.0,1761416200623
NC2,HOG,,7500.0,1761416200623
IC1,PIB,100.0,659.0,1761416200623
CI1,RAM,2000.0,2750.0,1761416200623
NC2,SCN,,2000.0,1761416200623
CI1,SCR,95.0,175.0,1761416200623
CI2,SCR,,100.0,1761416200623
NC2,SCR,,144.0,1761416200623
CI1,SDR,100000.0,,1761416200623
NC2,SEN,,830.0,1761416200623
CI1,SEQ,14000.0,,1761416200623
CI1,S,123.0,229.0,1761416200623
NC1,MFL,,220000.0,1761416200623
IC1,REA,520.0,670.0,1761416200623
AI1,LD,10900.0,11700.0,1761416200623
CI1,GL,281.0,295.0,1761416200623
NC2,SC,,900.0,1761416200623
AI1,ROM,3950.0,4100.0,1761416200623
IC1,MHL,5250.0,6690.0,1761416200623
CI1,SAR,30000.0,39400.0,1761416200623
NC1,FSE,650000.0,888000.0,1761416200623
CI2,GRN,,400.0,1761416200623
NC1,HCC,600.0,650.0,1761416200623
IC1,HOG,,10000.0,1761416200623
IC1,SEA,50.1,130.0,1761416200623
AI1,RAG,500000.0,700000.0,1761416200623
CI2,FLP,300.0,600.0,1761416200623
NC1,AFR,18000.0,,1761416200623
IC1,APT,,50000.0,1761416200623
CI2,BGC,,600.0,1761416200623
AI1,HCB,2500000.0,3490000.0,1761416200623
NC1,RAM,2550.0,2950.0,1761416200623
CI1,SCB,,80000.0,1761416200623
CI1,SEA,1.0,154.0,1761416200623
NC1,SFL,,95000.0,1761416200623
NC2,SI,,1500.0,1761416200623
NC1,SIL,,3200.0,1761416200623
NC1,WAI,91000.0,94000.0,1761416200623
AI1,RAM,2100.0,3500.0,1761416200623
CI2,RAT,145.0,166.0,1761416200623
CI1,POW,14000.0,16900.0,1761416200623
IC1,SAR,30000.0,32900.0,1761416200623
IC1,SNM,100000.0,109000.0,1761416200623
NC1,SFE,52000.0,57900.0,1761416200623
AI1,PPA,300.0,359.0,1761416200623
AI1,SOL,1200.0,1400.0,1761416200623
CI1,KOM,830.0,850.0,1761416200623
CI2,LHP,,3600.0,1761416200623
CI1,AEN,1000000.0,,1761416200623
CI1,BID,,100000.0,1761416200623
AI1,BND,,225.0,1761416200623
AI1,FUN,160000.0,249000.0,1761416200623
CI2,JUI,,100000.0,1761416200623
NC1,OLF,1100.0,2000.0,1761416200623
IC1,RGO,1000.0,2000.0,1761416200623
AI1,SCB,,150000.0,1761416200623
NC2,SEA,,175.0,1761416200623
CI2,SIO,,140.0,1761416200623
IC1,SOL,710.0,1480.0,1761416200623
NC2,SOL,,1200.0,1761416200623
CI2,SP,,2800.0,1761416200623
NC2,SP,,2560.0,1761416200623
CI1,SRD,70000.0,100000.0,1761416200623
IC1,SRD,70000.0,,1761416200623
IC1,SRP,,20000.0,1761416200623
NC2,SSC,,450.0,1761416200623
CI1,LFL,240000.0,390000.0,1761416200623
AI1,LI,2230.0,2500.0,1761416200623
IC1,BSC,50100.0,50200.0,1761416200623
AI1,LHP,3700.0,4000.0,1761416200623
IC1,MG,81.7,108.0,1761416200623
IC1,SUN,500.0,600.0,1761416200623
AI1,VEG,290.0,319.0,1761416200623
NC1,MAI,370.0,375.0,1761416200623
NC2,SUN,,1000.0,1761416200623
CI2,MHP,,4200.0,1761416200623
NC1,MCB,,334000.0,1761416200623
AI1,LIS,450000.0,475000.0,1761416200623
CI1,AFR,16000.0,,1761416200623
IC1,BOR,500.0,,1761416200623
AI1,JUI,,98000.0,1761416200623
CI2,NR,,600.0,1761416200623
NC2,POW,,15400.0,1761416200623
IC1,PPA,190.0,340.0,1761416200623
NC1,SNM,100000.0,,1761416200623
CI2,STR,,2350.0,1761416200623
CI1,STS,,179000.0,1761416200623
AI1,SU,120000.0,300000.0,1761416200623
NC1,SUD,100000.0,,1761416200623
CI2,SUN,,430.0,1761416200623
NC1,SUN,526.0,669.0,1761416200623
IC1,SFL,,134000.0,1761416200623
IC1,TC,10000.0,,1761416200623
CI2,COF,700.0,1500.0,1761416200623
NC1,AAR,14000.0,16000.0,1761416200623
NC1,PCB,2500.0,2790.0,1761416200623
IC1,TAI,600.0,,1761416200623
CI1,MG,83.0,83.1,1761416200623
NC1,MPC,2000.0,2300.0,1761416200623
AI1,NUT,300.0,369.0,1761416200623
IC1,SOI,425.0,509.0,1761416200623
NC2,STL,,1900.0,1761416200623
NC2,SWF,,240.0,1761416200623
AI1,BOS,3210.0,4850.0,1761416200623
NC2,HD,,2800.0,1761416200623
CI1,IDC,11000.0,11100.0,1761416200623
NC1,SWF,210.0,225.0,1761416200623
AI1,TAC,150000.0,600000.0,1761416200623
CI1,TAC,,475000.0,1761416200623
NC1,TAC,,500000.0,1761416200623
NC2,TC,,7500.0,1761416200623
CI1,TCB,,25000.0,1761416200623
NC1,TCB,,40000.0,1761416200623
CI2,TCL,,3500.0,1761416200623
CI1,TCO,136.0,1000.0,1761416200623
NC2,TCO,,130.0,1761416200623
IC1,TCS,2080.0,3990.0,1761416200623
CI1,EXO,268.0,299.0,1761416200623
CI1,HPR,,800000.0,1761416200623
NC2,TI,,1700.0,1761416200623
AI1,FIM,1920.0,2200.0,1761416200623
CI1,BRM,160.0,788.0,1761416200623
AI1,SEA,135.0,143.0,1761416200623
AI1,NS,280.0,305.0,1761416200623
CI1,MTP,,1740.0,1761416200623
IC1,TCL,2730.0,3390.0,1761416200623
NC1,CUO,420.0,600.0,1761416200623
NC1,TCU,90000.0,,1761416200623
NC2,PFE,500.0,899.0,1761416200623
CI1,FEO,104.0,106.0,1761416200623
AI1,RCS,160000.0,170000.0,1761416200623
NC1,IND,4010.0,4900.0,1761416200623
CI1,AHP,,11900.0,1761416200623
AI1,SI,1740.0,1890.0,1761416200623
CI1,LOG,68000.0,69000.0,1761416200623
NC1,BRS,150000.0,410000.0,1761416200623
IC1,CUO,300.0,696.0,1761416200623
CI1,TI,1600.0,2000.0,1761416200623
IC1,MGS,250.0,475.0,1761416200623
AI1,KV,26000.0,27400.0,1761416200623
CI2,THF,,380.0,1761416200623
NC2,THF,,450.0,1761416200623
NC2,TIO,,220.0,1761416200623
NC1,TK,30000.0,,1761416200623
NC2,TK,,41100.0,1761416200623
IC1,TPU,,3990.0,1761416200623
IC1,NUT,290.0,343.0,1761416200623
AI1,HAB,,135000.0,1761416200623
AI1,SFE,53000.0,58900.0,1761416200623
NC2,TS,,399.0,1761416200623
NC2,TSH,,30000.0,1761416200623
IC1,BWS,,23200.0,1761416200623
CI1,JUI,,100000.0,1761416200623
NC1,TIO,125.0,200.0,1761416200623
IC1,VCB,,840000.0,1761416200623
NC1,TI,1980.0,2190.0,1761416200623
NC2,TRU,,500.0,1761416200623
IC1,GRN,331.0,340.0,1761416200623
NC1,HSS,2100.0,2400.0,1761416200623
CI1,THP,,4690.0,1761416200623
AI1,TCL,3300.0,3850.0,1761416200623
CI1,RCO,1250.0,1390.0,1761416200623
CI1,KV,24000.0,30000.0,1761416200623
IC1,CAF,1300.0,1900.0,1761416200623
AI1,HSE,13000.0,15300.0,1761416200623
CI1,BSE,1620.0,1650.0,1761416200623
CI2,ES,,2000.0,1761416200623
CI2,ALO,,199.0,1761416200623
AI1,FIR,,1300000.0,1761416200623
NC1,MGC,,17000.0,1761416200623
NC2,NFI,10.0,18.0,1761416200623
CI1,NV2,201000.0,350000.0,1761416200623
AI1,STS,,150000.0,1761416200623
CI1,TRA,1800.0,2470.0,1761416200623
NC2,TRN,,515.0,1761416200623
IC1,TS,110.0,118.0,1761416200623
CI2,TSH,,30000.0,1761416200623
CI2,UTS,,5200.0,1761416200623
NC2,UTS,,4640.0,1761416200623
AI1,VCB,,799000.0,1761416200623
AI1,HER,2100.0,2530.0,1761416200623
AI1,C,907.0,975.0,1761416200623
NC1,CC,650000.0,750000.0,1761416200623
CI1,SOI,,600.0,1761416200623
CI1,SI,1720.0,1830.0,1761416200623
IC1,WAL,,6980.0,1761416200623
IC1,VG,1990.0,2420.0,1761416200623
NC1,LTA,3550.0,3900.0,1761416200623
NC1,MWF,210.0,300.0,1761416200623
NC2,NL,,5960.0,1761416200623
NC1,I,900.0,1030.0,1761416200623
IC1,SFE,50000.0,57900.0,1761416200623
NC1,AHP,8600.0,10000.0,1761416200623
CI1,REA,579.0,845.0,1761416200623
CI1,SOL,750.0,1200.0,1761416200623
NC1,STS,120000.0,170000.0,1761416200623
AI1,THP,4700.0,4800.0,1761416200623
NC2,TRA,,2000.0,1761416200623
IC1,VIT,,775.0,1761416200623
AI1,VSC,,31000.0,1761416200623
CI1,VSC,,40000.0,1761416200623
NC1,VSC,,30000.0,1761416200623
AI1,W,8200.0,10000.0,1761416200623
IC1,WAI,,90000.0,1761416200623
CI1,LHP,2810.0,4360.0,1761416200623
AI1,LOG,68000.0,68100.0,1761416200623
NC1,SOI,445.0,485.0,1761416200623
NC1,VIT,,740.0,1761416200623
IC1,LTA,3600.0,3900.0,1761416200623
AI1,COT,3400.0,3490.0,1761416200623
NC2,WIN,,6480.0,1761416200623
AI1,AIR,200000.0,220000.0,1761416200623
CI1,MFL,,200000.0,1761416200623
CI1,VG,2000.0,2420.0,1761416200623
AI1,LFL,250000.0,474000.0,1761416200623
NC1,SOL,1210.0,1500.0,1761416200623
IC1,BGS,1.0,199000.0,1761416200623
CI2,MEA,,4000.0,1761416200623
IC1,BR2,,900000.0,1761416200623
IC1,CBU,360000.0,380000.0,1761416200623
NC1,CCD,80000.0,80100.0,1761416200623
CI1,TK,,40000.0,1761416200623
CI1,TPU,2300.0,4000.0,1761416200623
NC1,THP,5000.0,7000.0,1761416200623
NC1,WM,,11500.0,1761416200623
NC1,WOR,,160000.0,1761416200623
IC1,WR,140000.0,,1761416200623
CI2,WS,,6000.0,1761416200623
NC2,WS,,5000.0,1761416200623
AI1,NR,331.0,350.0,1761416200623
IC1,CQM,800000.0,1290000.0,1761416200623
IC1,ZR,,12000.0,1761416200623
AI1,REA,650.0,749.0,1761416200623
NC1,LFE,150000.0,174000.0,1761416200623
AI1,SEN,850.0,870.0,1761416200623
NC1,SFK,84.0,88.0,1761416200623
CI1,WAL,3000.0,6000.0,1761416200623
IC1,KOM,725.0,750.0,1761416200623
AI1,WAL,3020.0,6000.0,1761416200623
IC1,TA,,9500.0,1761416200623
CI1,NOZ,,75000.0,1761416200623
IC1,OFF,76.0,87.8,1761416200623
NC1,SDR,100000.0,,1761416200623
NC2,MFK,,200.0,1761416200623
NC2,RG,,900.0,1761416200623
NC2,BGO,,2500.0,1761416200623
AI1,CQS,,896000.0,1761416200623
IC1,DRF,5000.0,6500.0,1761416200623
IC1,HD,,2790.0,1761416200623
IC1,S,130.0,150.0,1761416200623
NC2,TA,,10400.0,1761416200623
CI1,TAI,500.0,5000.0,1761416200623
NC1,TUB,177.0,190.0,1761416200623
AI1,TC,7500.0,8390.0,1761416200623
AI1,WOR,,149000.0,1761416200623
NC1,WIN,6010.0,6690.0,1761416200623
CI2,SF,14.0,15.9,1761416200623
CI1,ALG,255.0,309.0,1761416200623
CI1,FF,17.4,18.0,1761416200623
CI1,PSM,2350.0,2470.0,1761416200623
AI1,BGO,2010.0,2400.0,1761416200623
IC1,SWF,205.0,249.0,1761416200623
NC1,WAL,3900.0,5600.0,1761416200623
AI1,H2O,39.9,40.0,1761416200623
AI1,SWF,170.0,200.0,1761416200623
CI1,TCS,2150.0,3740.0,1761416200623
CI2,WAI,,100000.0,1761416200623
AI1,WS,4500.0,4700.0,1761416200623
IC1,WS,3510.0,5300.0,1761416200623
AI1,ALE,1250.0,1350.0,1761416200623
NC1,CBU,360000.0,400000.0,1761416200623
CI1,MSL,100000.0,225000.0,1761416200623
AI1,SNM,100000.0,110000.0,1761416200623
NC2,AMM,90.0,100.0,1761416200623
IC1,MFK,250.0,274.0,1761416200623
NC1,PSM,2400.0,2690.0,1761416200623
NC2,ALO,201.0,280.0,1761416200623
CI1,WAI,92000.0,100000.0,1761416200623
NC1,LFL,250000.0,353000.0,1761416200623
CI1,REP,695.0,749.0,1761416200623
AI1,MFK,250.0,274.0,1761416200623
NC1,MSL,180000.0,194000.0,1761416200623
NC1,WCB,500000.0,690000.0,1761416200623
AI1,BOR,300.0,450.0,1761416200623
NC1,MTC,0.5,3000.0,1761416200623
NC2,AUO,,270.0,1761416200623
CI1,CF,4600.0,7000.0,1761416200623
CI1,HOG,6200.0,8000.0,1761416200623
CI2,TA,8000.0,,1761416200623
AI1,TK,,45000.0,1761416200623
IC1,RG,920.0,1120.0,1761416200623
IC1,RAT,153.0,154.0,1761416200623
NC1,MGS,214.0,380.0,1761416200623
CI1,MAI,310.0,335.0,1761416200623
AI1,SAL,8050.0,8750.0,1761416200623
AI1,PCB,2500.0,2600.0,1761416200623
NC1,BDE,2210.0,2330.0,1761416200623
AI1,RCO,1100.0,1290.0,1761416200623
NC2,ALE,,1000.0,1761416200623
CI1,CBS,42000.0,43000.0,1761416200623
CI1,TC,2250.0,19000.0,1761416200623
NC2,GC,,399.0,1761416200623
NC1,MAG,170.0,299.0,1761416200623
AI1,NN,57000.0,58000.0,1761416200623
CI1,OLF,,2000.0,1761416200623
NC2,TCS,,2600.0,1761416200623
CI2,TUB,,270.0,1761416200623
CI2,WIN,,15000.0,1761416200623
NC1,ROM,3800.0,4050.0,1761416200623
NC1,WR,140000.0,150000.0,1761416200623
AI1,VG,1750.0,2480.0,1761416200623
CI1,RHP,,4670.0,1761416200623
AI1,NL,5400.0,6950.0,1761416200623
NC1,F,1610.0,2900.0,1761416200623
IC1,HCP,314.0,339.0,1761416200623
NC1,RDE,29400.0,34400.0,1761416200623
AI1,CLI,105.0,220.0,1761416200623
CI1,HSS,1910.0,2390.0,1761416200623
AI1,APT,12200.0,18000.0,1761416200623
IC1,SI,1710.0,1950.0,1761416200623
IC1,PSL,3730.0,4550.0,1761416200623
IC1,H,96.0,106.0,1761416200623
AI1,SC,661.0,830.0,1761416200623
AI1,UTS,6000.0,6730.0,1761416200623
IC1,O,88.0,97.6,1761416200623
IC1,STR,1750.0,1920.0,1761416200623
CI1,GNZ,,45000.0,1761416200623
CI1,HCB,,3900000.0,1761416200623
IC1,NE,190.0,200.0,1761416200623
NC1,HCB,3000000.0,3500000.0,1761416200623
IC1,TRN,301.0,448.0,1761416200623
NC2,ZR,,15200.0,1761416200623
IC1,HAL,267.0,340.0,1761416200623
NC1,GRN,360.0,370.0,1761416200623
CI1,APT,,25000.0,1761416200623
NC2,CU,,2250.0,1761416200623
NC1,HD,2000.0,2800.0,1761416200623
IC1,ALO,180.0,198.0,1761416200623
AI1,SP,2510.0,2700.0,1761416200623
AI1,HSS,2210.0,3280.0,1761416200623
CI1,CUO,650.0,789.0,1761416200623
AI1,CU,1900.0,2270.0,1761416200623
CI1,GEN,,220000.0,1761416200623
CI1,WM,6000.0,44000.0,1761416200623
NC1,TRN,422.0,455.0,1761416200623
CI1,NFI,16.0,17.4,1761416200623
IC1,WIN,5600.0,5900.0,1761416200623
AI1,MSL,180000.0,199000.0,1761416200623
CI1,VEG,250.0,260.0,1761416200623
CI1,NUT,223.0,250.0,1761416200623
IC1,ES,1110.0,1630.0,1761416200623
AI1,CBS,42100.0,43000.0,1761416200623
NC1,AGS,500000.0,600000.0,1761416200623
AI1,TI,2120.0,2400.0,1761416200623
AI1,ALG,290.0,304.0,1761416200623
CI2,BE,,2900.0,1761416200623
NC2,BE,,1700.0,1761416200623
AI1,CBM,65000.0,,1761416200623
NC2,CBS,,43000.0,1761416200623
CI2,CUO,164.0,,1761416200623
NC2,CUO,,600.0,1761416200623
CI1,GC,210.0,370.0,1761416200623
NC1,LIT,,18800.0,1761416200623
AI1,WR,140000.0,150000.0,1761416200623
IC1,RSH,,39000.0,1761416200623
IC1,CA,100.0,900.0,1761416200623
NC1,PWO,412.0,424.0,1761416200623
CI1,FFC,240000.0,300000.0,1761416200623
IC1,LCR,1800.0,,1761416200623
CI1,EPO,156.0,173.0,1761416200623
AI1,CAF,1150.0,1390.0,1761416200623
NC1,CF,6200.0,6950.0,1761416200623
AI1,HMS,1710.0,2020.0,1761416200623
IC1,RSI,,725.0,1761416200623
AI1,LSL,,499000.0,1761416200623
NC1,SC,700.0,788.0,1761416200623
NC1,HE,104.0,113.0,1761416200623
AI1,REP,711.0,745.0,1761416200623
NC1,RTA,12500.0,16000.0,1761416200623
IC1,PE,10.3,11.8,1761416200623
CI1,AUO,535.0,555.0,1761416200623
IC1,BGO,2010.0,2390.0,1761416200623
IC1,PSS,1000.0,1340.0,1761416200623
CI1,BFR,,6390.0,1761416200623
NC1,BGS,,199000.0,1761416200623
AI1,ENG,850000.0,1100000.0,1761416200623
AI1,OS,45000.0,47000.0,1761416200623
AI1,RED,60000.0,70000.0,1761416200623
NC2,RSH,,40000.0,1761416200623
CI2,RTA,,17300.0,1761416200623
CI1,NS,240.0,265.0,1761416200623
AI1,MFL,198000.0,238000.0,1761416200623
CI1,HMS,1690.0,2000.0,1761416200623
IC1,GC,380.0,400.0,1761416200623
NC1,ALE,1370.0,1460.0,1761416200623
AI1,BAC,1600.0,1970.0,1761416200623
CI2,TRU,,600.0,1761416200623
NC1,SCN,2040.0,2400.0,1761416200623
NC1,RSE,22400.0,26500.0,1761416200623
NC1,BGO,2040.0,2100.0,1761416200623
IC1,HMS,1600.0,1900.0,1761416200623
CI1,WIN,5900.0,6300.0,1761416200623
CI1,PE,10.4,10.8,1761416200623
AI1,HPC,25000.0,26000.0,1761416200623
AI1,CUO,528.0,600.0,1761416200623
CI1,PFE,,1100.0,1761416200623
NC2,HSS,,2400.0,1761416200623
NC1,IMM,110000.0,119000.0,1761416200623
AI1,MGC,,16000.0,1761416200623
NC1,PIB,500.0,700.0,1761416200623
NC1,REA,651.0,740.0,1761416200623
AI1,TS,155.0,598.0,1761416200623
AI1,TUB,,178.0,1761416200623
IC1,BAI,17000.0,20000.0,1761416200623
NC1,MCG,34.1,36.0,1761416200623
AI1,SCR,96.0,220.0,1761416200623
CI1,TA,8000.0,10500.0,1761416200623
AI1,SSC,482.0,544.0,1761416200623
NC1,ALO,234.0,300.0,1761416200623
NC1,NUT,370.0,375.0,1761416200623
CI1,INS,150.0,157.0,1761416200623
NC1,PG,41.0,48.3,1761416200623
IC1,COF,715.0,750.0,1761416200623
AI1,HAL,251.0,268.0,1761416200623
AI1,AMM,126.0,149.0,1761416200623
IC1,PT,470.0,519.0,1761416200623
AI1,NV2,205000.0,249000.0,1761416200623
IC1,JUI,,30000.0,1761416200623
CI1,MTC,,3690.0,1761416200623
IC1,MED,1130.0,1310.0,1761416200623
IC1,AHP,9000.0,17700.0,1761416200623
CI2,BBH,2000.0,2500.0,1761416200623
NC1,BWS,18000.0,23200.0,1761416200623
CI2,HSE,,12000.0,1761416200623
CI1,LC,,5000.0,1761416200623
IC1,NV2,201000.0,375000.0,1761416200623
AI1,SAR,32000.0,33500.0,1761416200623
CI2,SC,800.0,1410.0,1761416200623
AI1,OVE,141.0,144.0,1761416200623
IC1,RCO,910.0,990.0,1761416200623
IC1,TI,1200.0,2100.0,1761416200623
IC1,FIM,1730.0,1890.0,1761416200623
NC1,FLP,600.0,657.0,1761416200623
CI2,HAL,151.0,225.0,1761416200623
AI1,RSE,24400.0,28800.0,1761416200623
NC1,AUO,400.0,450.0,1761416200623
AI1,DCS,1710.0,1880.0,1761416200623
CI1,AMM,110.0,119.0,1761416200623
AI1,COM,101000.0,119000.0,1761416200623
NC1,AIR,200000.0,240000.0,1761416200623
NC1,NG,880.0,1000.0,1761416200623
CI1,H,110.0,115.0,1761416200623
NC1,LSE,9380.0,10300.0,1761416200623
CI1,CLI,130.0,200.0,1761416200623
AI1,ATA,25500.0,29200.0,1761416200623
AI1,BCO,731.0,770.0,1761416200623
AI1,FE,953.0,980.0,1761416200623
NC1,RSH,24500.0,32400.0,1761416200623
NC2,PDA,,2400.0,1761416200623
NC2,SIL,,3500.0,1761416200623
NC1,TS,60.0,160.0,1761416200623
IC1,BMF,25000.0,39000.0,1761416200623
AI1,BDE,2300.0,2350.0,1761416200623
NC1,KV,27400.0,31100.0,1761416200623
IC1,HE,76.0,127.0,1761416200623
CI1,SFK,101.0,120.0,1761416200623
CI1,RAT,156.0,163.0,1761416200623
CI1,BWS,,22900.0,1761416200623
NC1,SAR,31000.0,32400.0,1761416200623
CI1,TS,150.0,200.0,1761416200623
CI1,FLP,429.0,595.0,1761416200623
NC1,CAP,235.0,275.0,1761416200623
NC1,SEA,150.0,165.0,1761416200623
IC1,SIO,115.0,125.0,1761416200623
CI2,TCS,,3600.0,1761416200623
NC1,LU,90100.0,120000.0,1761416200623
AI1,RSI,,1550.0,1761416200623
CI1,ROM,4100.0,4690.0,1761416200623
NC2,CAF,1000.0,,1761416200623
CI1,CAP,,399.0,1761416200623
NC1,STR,1750.0,2920.0,1761416200623
NC2,STR,,1950.0,1761416200623
IC1,SUD,100000.0,,1761416200623
NC1,TAI,700.0,1000.0,1761416200623
IC1,THP,,4550.0,1761416200623
NC1,RGO,1800.0,2100.0,1761416200623
IC1,NA,25.0,25.1,1761416200623
IC1,EDC,8000.0,11200.0,1761416200623
IC1,AUO,140.0,350.0,1761416200623
AI1,BMF,27000.0,30900.0,1761416200623
CI2,C,601.0,1000.0,1761416200623
IC1,CL,2780.0,3390.0,1761416200623
NC1,RG,900.0,1060.0,1761416200623
CI1,NA,25.0,25.5,1761416200623
NC1,MG,91.0,105.0,1761416200623
NC1,MEA,3100.0,3540.0,1761416200623
AI1,SIO,80.0,110.0,1761416200623
NC2,SOI,,750.0,1761416200623
NC1,BRP,,5400.0,1761416200623
CI1,HEX,1000.0,2000.0,1761416200623
NC2,LSE,8000.0,10300.0,1761416200623
NC2,PE,,9.8,1761416200623
NC1,POW,15100.0,15900.0,1761416200623
NC1,SSL,,45000.0,1761416200623
NC1,TCO,500.0,1200.0,1761416200623
NC1,TPU,3600.0,4350.0,1761416200623
IC1,W,6000.0,10400.0,1761416200623
NC2,W,8000.0,,1761416200623
CI1,MFK,256.0,270.0,1761416200623
AI1,CHA,30000.0,,1761416200623
NC1,LBH,4500.0,4820.0,1761416200623
AI1,NE,222.0,300.0,1761416200623
IC1,MAI,318.0,340.0,1761416200623
IC1,H2O,38.2,39.8,1761416200623
IC1,REP,670.0,750.0,1761416200623
CI1,UTS,5000.0,6000.0,1761416200623
NC1,FIM,1800.0,2000.0,1761416200623
AI1,LTA,3820.0,4390.0,1761416200623
CI1,PWO,255.0,340.0,1761416200623
AI1,PBU,16900.0,20000.0,1761416200623
AI1,ADE,45000.0,48200.0,1761416200623
AI1,MCG,34.0,35.9,1761416200623
NC1,MTP,1500.0,1860.0,1761416200623
CI1,TCU,120000.0,250000.0,1761416200623
NC1,TRA,1800.0,1950.0,1761416200623
AI1,AAR,16000.0,16400.0,1761416200623
CI1,AAR,,14500.0,1761416200623
NC1,CST,,2480.0,1761416200623
IC1,THF,410.0,584.0,1761416200623
AI1,CQM,,1230000.0,1761416200623
CI2,AEN,1000000.0,,1761416200623
NC1,FFC,240000.0,280000.0,1761416200623
CI1,BHP,2810.0,3010.0,1761416200623
AI1,RG,977.0,1440.0,1761416200623
NC1,NV2,201000.0,250000.0,1761416200623
NC2,BER,,551.0,1761416200623
AI1,TRU,504.0,790.0,1761416200623
CI1,TRU,425.0,575.0,1761416200623
CI1,OFF,78.0,108.0,1761416200623
IC1,DDT,2100.0,2700.0,1761416200623
NC1,THF,415.0,450.0,1761416200623
NC1,PPA,300.0,359.0,1761416200623
AI1,BID,,110000.0,1761416200623
CI1,VIT,,750.0,1761416200623
NC1,TRU,410.0,460.0,1761416200623
IC1,POW,15100.0,17100.0,1761416200623
IC1,TSH,27000.0,30000.0,1761416200623
NC1,RBH,15400.0,16300.0,1761416200623
AI1,VIT,500.0,575.0,1761416200623
NC1,CAF,1600.0,1650.0,1761416200623
NC1,BAC,1900.0,2140.0,1761416200623
AI1,BEA,350.0,355.0,1761416200623
IC1,UTS,5000.0,6500.0,1761416200623
IC1,ASE,33000.0,40600.0,1761416200623
NC1,ADE,44000.0,47700.0,1761416200623
CI1,HCP,300.0,350.0,1761416200623
NC1,AST,2200.0,2890.0,1761416200623
CI1,HOP,2260.0,2590.0,1761416200623
NC1,PE,11.4,11.9,1761416200623
NC2,ALG,200.0,,1761416200623
CI1,BFP,,20000.0,1761416200623
CI1,W,8500.0,15000.0,1761416200623
CI1,TRN,450.0,500.0,1761416200623
IC1,ATA,25000.0,28700.0,1761416200623
CI1,FE,851.0,890.0,1761416200623
NC1,FEO,96.0,110.0,1761416200623
NC1,BCO,732.0,872.0,1761416200623
AI1,DCM,4830.0,5180.0,1761416200623
AI1,BHP,3600.0,4400.0,1761416200623
AI1,BPT,,4800.0,1761416200623
NC1,AMM,105.0,123.0,1761416200623
AI1,FOD,400.0,450.0,1761416200623
CI2,BRM,91.0,200.0,1761416200623
AI1,CTF,18000.0,20900.0,1761416200623
NC1,BR1,500000.0,770000.0,1761416200623
NC1,BBH,2410.0,2530.0,1761416200623
NC1,SBU,29500.0,31900.0,1761416200623
IC1,SFK,,89.9,1761416200623
CI1,ASE,37200.0,,1761416200623
NC1,BER,360.0,459.0,1761416200623
NC1,DRF,5010.0,6090.0,1761416200623
IC1,BFR,9800.0,,1761416200623
CI1,BLE,1000.0,2100.0,1761416200623
AI1,DEC,17000.0,28000.0,1761416200623
CI1,AIR,200000.0,201000.0,1761416200623
IC1,BND,,190.0,1761416200623
NC1,BSC,50000.0,52000.0,1761416200623
AI1,BWH,,9500.0,1761416200623
NC1,BWH,3250.0,,1761416200623
IC1,CBM,63000.0,,1761416200623
NC1,CBM,63000.0,64200.0,1761416200623
IC1,COM,100000.0,117000.0,1761416200623
CI1,CRU,200000.0,,1761416200623
CI1,ETC,,20000.0,1761416200623
IC1,ETC,8900.0,,1761416200623
NC2,FEO,65.0,150.0,1761416200623
CI1,ALE,1320.0,1460.0,1761416200623
NC1,HPC,26000.0,,1761416200623
CI1,LSL,,494000.0,1761416200623
CI1,HE3,400.0,520.0,1761416200623
IC1,FLP,550.0,659.0,1761416200623
IC1,WCB,200000.0,748000.0,1761416200623
AI1,PG,45.0,47.0,1761416200623
AI1,MLI,24000.0,25000.0,1761416200623
AI1,MG,100.0,132.0,1761416200623
NC1,HE3,361.0,724.0,1761416200623
IC1,GCH,,8000.0,1761416200623
IC1,HPR,,800000.0,1761416200623
CI1,LI,1910.0,2100.0,1761416200623
NC1,MFE,60000.0,91900.0,1761416200623
NC2,LDE,6500.0,11400.0,1761416200623
NC1,LCR,1800.0,4000.0,1761416200623
CI1,MGC,,14000.0,1761416200623
AI1,BGC,648.0,664.0,1761416200623
IC1,HAB,,109000.0,1761416200623
AI1,CRU,300000.0,800000.0,1761416200623
AI1,GRA,2610.0,3200.0,1761416200623
CI2,HSS,,2100.0,1761416200623
CI1,IMM,,120000.0,1761416200623
NC2,KOM,600.0,1000.0,1761416200623
IC1,LC,4600.0,5290.0,1761416200623
AI1,LCR,1800.0,5400.0,1761416200623
IC1,LDI,,678.0,1761416200623
NC1,LSL,310000.0,429000.0,1761416200623
CI1,MCB,,350000.0,1761416200623
IC1,MFE,2.0,91900.0,1761416200623
IC1,MGC,,14000.0,1761416200623
NC1,W,8110.0,10800.0,1761416200623
AI1,SUD,101000.0,,1761416200623
CI2,PG,,50.0,1761416200623
CI2,REA,500.0,1000.0,1761416200623
IC1,RSE,23500.0,25700.0,1761416200623
AI1,SOI,401.0,747.0,1761416200623
IC1,NAB,,150.0,1761416200623
AI1,AFR,25000.0,40000.0,1761416200623
AI1,SFK,80.0,119.0,1761416200623
NC1,SEQ,17000.0,,1761416200623
AI1,FLP,570.0,640.0,1761416200623
IC1,ZIR,550.0,998.0,1761416200623
CI1,RBH,15000.0,17000.0,1761416200623
AI1,GIN,1440.0,1500.0,1761416200623
AI1,NST,1200.0,1780.0,1761416200623
NC1,S,135.0,175.0,1761416200623
IC1,STL,1970.0,2610.0,1761416200623
AI1,THF,408.0,450.0,1761416200623
AI1,OFF,92.1,99.0,1761416200623
NC1,BTA,910.0,1200.0,1761416200623
AI1,NOZ,10000.0,,1761416200623
AI1,FLX,161.0,190.0,1761416200623
NC2,SIO,100.0,,1761416200623
AI1,SRD,70100.0,100000.0,1761416200623
AI1,OLF,1200.0,1800.0,1761416200623
CI1,RSI,,500.0,1761416200623
NC2,NE,,300.0,1761416200623
AI1,NF,,10800.0,1761416200623
CI1,NR,332.0,360.0,1761416200623
IC1,OLF,1100.0,,1761416200623
IC1,PSM,1500.0,2770.0,1761416200623
CI2,RSE,,25000.0,1761416200623
CI1,SUD,100000.0,,1761416200623
NC1,TCS,2400.0,3170.0,1761416200623
IC1,TRA,1800.0,2500.0,1761416200623
NC1,VCB,,780000.0,1761416200623
IC1,SSL,,45000.0,1761416200623
CI1,RSH,,25000.0,1761416200623
NC2,OVE,,130.0,1761416200623
CI1,BGC,600.0,700.0,1761416200623
CI1,SC,763.0,872.0,1761416200623
CI1,WCB,,799000.0,1761416200623
NC1,ZR,11100.0,14000.0,1761416200623
NC1,KR,500.0,2800.0,1761416200623
NC1,RAT,158.0,163.0,1761416200623
CI1,RG,910.0,1150.0,1761416200623
NC1,NS,300.0,346.0,1761416200623
CI1,RSE,21200.0,26700.0,1761416200623
IC1,FF,15.9,16.0,1761416200623
AI1,TRN,420.0,440.0,1761416200623
AI1,SCN,2100.0,2640.0,1761416200623
NC1,NR,325.0,367.0,1761416200623
CI1,NE,250.0,489.0,1761416200623
IC1,ALG,260.0,299.0,1761416200623
CI1,PSS,1070.0,1150.0,1761416200623
AI1,GAL,164.0,225.0,1761416200623
NC2,PT,,450.0,1761416200623
IC1,FLX,164.0,193.0,1761416200623
IC1,SC,750.0,910.0,1761416200623
IC1,MTP,,1840.0,1761416200623
CI1,ZR,12500.0,,1761416200623
NC1,PT,465.0,500.0,1761416200623
AI1,MTP,1400.0,1890.0,1761416200623
NC1,SSC,501.0,585.0,1761416200623
CI1,PG,43.0,47.2,1761416200623
NC1,NAB,100.0,139.0,1761416200623
AI1,TA,8500.0,11600.0,1761416200623
AI1,TAI,650.0,1000.0,1761416200623
AI1,TCU,90000.0,152000.0,1761416200623
IC1,TIO,190.0,229.0,1761416200623
AI1,WIN,5110.0,6680.0,1761416200623
NC1,SF,15.0,15.3,1761416200623
AI1,INS,144.0,160.0,1761416200623
AI1,PSL,4100.0,4380.0,1761416200623
CI1,MCG,32.0,34.0,1761416200623
CI1,KRE,40000.0,,1761416200623
AI1,LST,127.0,138.0,1761416200623
AI1,PSM,2480.0,2690.0,1761416200623
NC1,REP,710.0,739.0,1761416200623
AI1,BL,7000.0,8000.0,1761416200623
AI1,NFI,15.9,16.7,1761416200623
NC1,COM,101000.0,121000.0,1761416200623
AI1,MFE,70000.0,91000.0,1761416200623
CI1,FLO,24000.0,,1761416200623
AI1,NA,25.0,25.1,1761416200623
AI1,EPO,165.0,171.0,1761416200623
NC1,PFE,,1380.0,1761416200623
NC2,COF,,850.0,1761416200623
NC1,HAM,1000000.0,,1761416200623
AI1,IDC,11100.0,,1761416200623
AI1,LFE,,159000.0,1761416200623
AI1,IND,3800.0,4690.0,1761416200623
AI1,RAT,162.0,165.0,1761416200623
NC1,O,94.3,99.5,1761416200623
NC1,VF,,55.0,1761416200623
AI1,O,81.1,97.9,1761416200623
AI1,PSS,1200.0,1450.0,1761416200623
NC1,INS,160.0,169.0,1761416200623
NC1,EPO,161.0,165.0,1761416200623
AI1,GL,275.0,325.0,1761416200623
AI1,NG,701.0,980.0,1761416200623
AI1,PE,11.1,11.9,1761416200623
IC1,PG,43.0,45.9,1761416200623
NC1,PSL,4010.0,4490.0,1761416200623
IC1,SCN,1990.0,2490.0,1761416200623
CI1,ABH,45100.0,51000.0,1761416200623
AI1,LBH,4610.0,4690.0,1761416200623
CI1,FIM,1640.0,1900.0,1761416200623
NC1,GIN,1580.0,1740.0,1761416200623
NC1,LC,4200.0,4800.0,1761416200623
NC1,COF,810.0,860.0,1761416200623
NC1,MHP,,5000.0,1761416200623
CI1,STL,1840.0,2200.0,1761416200623
AI1,DW,112.0,115.0,1761416200623
NC1,AL,1060.0,1090.0,1761416200623
CI1,MED,1110.0,1290.0,1761416200623
NC1,H,119.0,132.0,1761416200623
NC1,LDE,9820.0,11300.0,1761416200623
NC1,GAL,197.0,240.0,1761416200623
CI1,PSL,3160.0,3400.0,1761416200623
CI1,BDE,2200.0,2340.0,1761416200623
CI1,AU,1600.0,1890.0,1761416200623
AI1,PWO,329.0,349.0,1761416200623
CI1,LBH,4200.0,5200.0,1761416200623
AI1,STL,2110.0,2500.0,1761416200623
NC1,ES,1300.0,1420.0,1761416200623
CI2,BOR,225.0,,1761416200623
AI1,REO,100.0,,1761416200623
CI1,REO,100.0,,1761416200623
IC1,REO,100.0,,1761416200623
CI1,SBU,26000.0,,1761416200623
IC1,SDR,100000.0,110000.0,1761416200623
NC1,SPT,600.0,10000.0,1761416200623
CI1,TUB,177.0,252.0,1761416200623
AI1,H,134.0,137.0,1761416200623
NC2,BOR,130.0,550.0,1761416200623
CI1,LTA,3800.0,3950.0,1761416200623
NC1,BOR,380.0,525.0,1761416200623
NC1,BMF,28000.0,29900.0,1761416200623
NC1,BOS,3810.0,4990.0,1761416200623
IC1,SP,2500.0,2750.0,1761416200623
CI1,LDE,9500.0,11000.0,1761416200623
CI2,BTA,,1580.0,1761416200623
CI1,ADE,46100.0,48000.0,1761416200623
AI1,SF,15.7,15.9,1761416200623
IC1,BR1,750000.0,990000.0,1761416200623
NC1,TSH,25100.0,30000.0,1761416200623
CI1,ACS,130000.0,140000.0,1761416200623
IC1,BSE,1590.0,1650.0,1761416200623
CI1,SIO,103.0,110.0,1761416200623
AI1,BSE,1550.0,1650.0,1761416200623
NC1,DEC,16500.0,19000.0,1761416200623
NC2,BSE,1300.0,1650.0,1761416200623
AI1,RBH,15500.0,16500.0,1761416200623
IC1,RTA,16000.0,29000.0,1761416200623
AI1,ADR,81000.0,90000.0,1761416200623
NC1,NE,246.0,279.0,1761416200623
CI1,PT,455.0,505.0,1761416200623
NC1,FF,18.1,19.3,1761416200623
IC1,AL,880.0,1020.0,1761416200623
NC1,MHL,4200.0,4950.0,1761416200623
IC1,SF,16.1,16.3,1761416200623
NC2,BRM,,250.0,1761416200623
NC1,SCR,120.0,199.0,1761416200623
AI1,BTA,1410.0,1570.0,1761416200623
CI1,LSE,9120.0,10400.0,1761416200623
AI1,BRS,435000.0,,1761416200623
AI1,AU,1880.0,2290.0,1761416200623
CI1,H2O,39.9,40.0,1761416200623
CI1,C,801.0,838.0,1761416200623
NC1,BTS,282.0,444.0,1761416200623
NC2,ADE,,60000.0,1761416200623
AI1,BGS,160000.0,219000.0,1761416200623
CI1,HER,1700.0,2390.0,1761416200623
NC2,DW,90.0,100.0,1761416200623
IC1,AIR,200000.0,250000.0,1761416200623
AI1,ATP,9000.0,,1761416200623
CI1,FLX,155.0,186.0,1761416200623
AI1,BE,1510.0,1690.0,1761416200623
CI1,BTS,340.0,489.0,1761416200623
AI1,BTS,363.0,390.0,1761416200623
AI1,CF,6010.0,7490.0,1761416200623
CI1,TCL,2900.0,3000.0,1761416200623
NC1,HMS,1800.0,2000.0,1761416200623
CI1,GRN,330.0,340.0,1761416200623
AI1,MGS,154.0,180.0,1761416200623
NC1,C,850.0,873.0,1761416200623
NC1,DW,100.0,115.0,1761416200623
IC1,BTS,301.0,405.0,1761416200623
NC1,CTF,15800.0,19000.0,1761416200623
AI1,EDC,8010.0,9000.0,1761416200623
NC1,VFT,300000.0,,1761416200623
AI1,HYR,,1750000.0,1761416200623
CI1,FSE,650000.0,974000.0,1761416200623
NC1,MB,7250.0,8420.0,1761416200623
NC1,LDI,480.0,610.0,1761416200623
NC1,BHP,3720.0,4900.0,1761416200623
CI1,KR,500.0,2800.0,1761416200623
AI1,CBL,91100.0,92000.0,1761416200623
AI1,KOM,862.0,880.0,1761416200623
AI1,RDE,34000.0,38000.0,1761416200623
IC1,NS,275.0,319.0,1761416200623
CI1,HAL,265.0,294.0,1761416200623
AI1,ASE,38600.0,40900.0,1761416200623
IC1,KR,,2800.0,1761416200623
NC1,NST,1240.0,1580.0,1761416200623
AI1,LDE,9900.0,10900.0,1761416200623
IC1,LCB,300000.0,,1761416200623
IC1,MCG,34.5,35.7,1761416200623
NC1,LOG,68100.0,70000.0,1761416200623
AI1,HHP,5000.0,,1761416200623
IC1,LI,1750.0,2300.0,1761416200623
CI1,TSH,28000.0,34000.0,1761416200623
NC1,RAD,14000.0,15500.0,1761416200623
CI1,RGO,2200.0,2390.0,1761416200623
AI1,STR,1800.0,2390.0,1761416200623
IC1,STS,1.0,189000.0,1761416200623
NC1,TC,,8000.0,1761416200623
NC1,UTS,4200.0,5250.0,1761416200623
IC1,LSE,9000.0,9990.0,1761416200623
IC1,DW,96.0,98.0,1761416200623
AI1,MED,1330.0,1370.0,1761416200623
CI1,SP,2500.0,2720.0,1761416200623
CI1,NL,4900.0,5990.0,1761416200623
NC1,HCP,340.0,365.0,1761416200623
NC1,FLX,170.0,210.0,1761416200623
NC1,NL,5070.0,5690.0,1761416200623
NC1,CBS,42000.0,43000.0,1761416200623
AI1,FF,18.6,21.4,1761416200623
IC1,PDA,2000.0,2900.0,1761416200623
CI1,BBH,2530.0,2540.0,1761416200623
CI1,OVE,122.0,137.0,1761416200623
NC1,ASE,35700.0,40100.0,1761416200623
NC1,FE,888.0,982.0,1761416200623
AI1,CBU,350000.0,390000.0,1761416200623
CI1,SF,13.1,13.3,1761416200623
NC1,LST,160.0,168.0,1761416200623
NC1,TCL,2810.0,3300.0,1761416200623
CI1,COF,753.0,795.0,1761416200623
NC1,WS,4000.0,4660.0,1761416200623
CI1,COT,2900.0,3250.0,1761416200623
IC1,MUS,218.0,270.0,1761416200623
CI1,TIO,220.0,286.0,1761416200623
NC2,FAN,,2250.0,1761416200623
CI1,PSH,,9500.0,1761416200623
IC1,LOG,68000.0,68100.0,1761416200623
NC1,SEN,850.0,919.0,1761416200623
NC1,SRD,88000.0,,1761416200623
NC1,SRP,12000.0,22000.0,1761416200623
CI1,STR,1750.0,2900.0,1761416200623
NC1,VOE,3000000.0,,1761416200623
UN,EBU,170000.0,207500.0,1761416200623
UN,REO,175.0,,1761416200623
UN,KRE,40000.0,50000.0,1761416200623
UN,SPT,600.0,3866.6666666666665,1761416200623
UN,VF,11.5,52.5,1761416200623
UN,KR,500.0,2847.5,1761416200623
UN,PFG,2000000.0,,1761416200623
UN,PBU,16600.0,18975.0,1761416200623
UN,TBU,53000.0,57800.0,1761416200623
UN,NG,721.5,995.0,1761416200623
UN,NUT,295.75,334.25,1761416200623
UN,CC,650000.0,1141666.6666666667,1761416200623
UN,GL,269.0,322.5,1761416200623
UN,HD,2140.0,2735.0,1761416200623
UN,NAB,95.0,109.75,1761416200623
UN,LI,1912.5,2282.5,1761416200623
UN,SBU,28875.0,31650.0,1761416200623
UN,NCS,35.525,40.75,1761416200623
UN,AU,1527.5,1840.0,1761416200623
UN,HCP,326.0,353.5,1761416200623
UN,LSE,9252.5,10172.5,1761416200623
UN,SRP,8000.0,21000.0,1761416200623
UN,AR,140.25,204.25,1761416200623
UN,BLE,1600.0,2475.0,1761416200623
UN,BWS,20000.0,23025.0,1761416200623
UN,CAP,211.66666666666666,338.0,1761416200623
UN,CD,11000.0,16000.0,1761416200623
UN,DOU,,386000.0,1761416200623
UN,LES,938.3333333333334,1550.0,1761416200623
UN,NR,327.0,361.5,1761416200623
UN,SCR,102.5,198.25,1761416200623
UN,VG,1960.0,2420.0,1761416200623
UN,BSC,42525.0,50050.0,1761416200623
UN,ARP,,9250.0,1761416200623
UN,BSE,1592.5,1645.0,1761416200623
UN,HYR,1.0,1747500.0,1761416200623
UN,IDC,11025.0,11100.0,1761416200623
UN,SDM,1900000.0,4000000.0,1761416200623
UN,TAI,612.5,2333.3333333333335,1761416200623
UN,ZIR,567.5,2249.25,1761416200623
UN,HE,96.5,116.5,1761416200623
UN,AL,977.5,1067.25,1761416200623
UN,LD,9966.666666666666,10925.0,1761416200623
UN,AGS,375000.0,664666.6666666666,1761416200623
UN,BMF,26666.666666666668,33450.0,1761416200623
UN,BTA,1207.5,1442.5,1761416200623
UN,CA,276.75,950.0,1761416200623
UN,DCL,5900.0,7210.0,1761416200623
UN,TI,1725.0,2172.5,1761416200623
UN,FLX,162.5,194.75,1761416200623
UN,CBU,356666.6666666667,390000.0,1761416200623
UN,CU,1805.0,2320.0,1761416200623
UN,GV,2087.5,2452.5,1761416200623
UN,DW,100.925,106.95,1761416200623
UN,HMS,1700.0,1980.0,1761416200623
UN,BCO,703.25,780.75,1761416200623
UN,LFL,247500.0,415250.0,1761416200623
UN,BID,,102500.0,1761416200623
UN,JUI,1.0,81750.0,1761416200623
UN,LIT,,19075.0,1761416200623
UN,SFK,88.33333333333333,104.225,1761416200623
UN,SFL,,111500.0,1761416200623
UN,TCU,100000.0,192333.33333333334,1761416200623
UN,TUB,151.33333333333334,217.0,1761416200623
UN,MEA,3075.0,3587.5,1761416200623
UN,CL,2830.0,3360.0,1761416200623
UN,BGC,587.0,654.5,1761416200623
UN,AMM,109.525,127.75,1761416200623
UN,PIB,300.0,689.75,1761416200623
UN,NV1,136500.0,160000.0,1761416200623
UN,BRS,261666.66666666666,705000.0,1761416200623
UN,HPR,,797500.0,1761416200623
UN,MCB,,353000.0,1761416200623
UN,PPA,263.3333333333333,330.75,1761416200623
UN,RDL,966666.6666666666,1500000.0,1761416200623
UN,TPU,3033.3333333333335,3982.5,1761416200623
UN,AST,2236.6666666666665,3270.0,1761416200623
UN,SSL,,56250.0,1761416200623
UN,ACS,135000.0,144750.0,1761416200623
UN,BR2,500000.0,887000.0,1761416200623
UN,CHA,42500.0,76000.0,1761416200623
UN,EPO,160.5,170.75,1761416200623
UN,EXO,289.75,320.75,1761416200623
UN,FAN,1870.0,2195.0,1761416200623
UN,KOM,799.25,832.0,1761416200623
UN,MHP,3750.0,5022.5,1761416200623
UN,MSL,145000.0,206000.0,1761416200623
UN,PK,450.0,943.5,1761416200623
UN,SP,2502.5,2685.0,1761416200623
UN,TCL,2935.0,3385.0,1761416200623
UN,TRA,1725.0,2427.5,1761416200623
UN,QCR,675000.0,1071750.0,1761416200623
UN,BDE,2255.0,2340.0,1761416200623
UN,FOD,286.25,473.5,1761416200623
UN,CQL,750000.5,1833333.3333333333,1761416200623
UN,BER,375.0,497.75,1761416200623
UN,AHP,8700.0,12275.0,1761416200623
UN,HOP,2107.5,2765.0,1761416200623
UN,RAD,14100.0,16600.0,1761416200623
UN,O,88.9,97.25,1761416200623
UN,BFR,5766.666666666667,5596.666666666667,1761416200623
UN,SFE,51666.666666666664,58150.0,1761416200623
UN,HAB,,125500.0,1761416200623
UN,ADR,76000.0,103333.33333333333,1761416200623
UN,BAC,1866.6666666666667,2102.5,1761416200623
UN,CQS,600000.0,843750.0,1761416200623
UN,CQT,100000.0,411750.0,1761416200623
UN,DIS,4700.0,7900.0,1761416200623
UN,FC,4350.0,5125.0,1761416200623
UN,FIM,1772.5,1997.5,1761416200623
UN,RDE,29800.0,37100.0,1761416200623
UN,SF,14.975,15.200000000000001,1761416200623
UN,TCO,345.6666666666667,890.0,1761416200623
UN,I,663.5,1046.5,1761416200623
UN,CTF,15950.0,19950.0,1761416200623
UN,BAI,17250.0,20000.0,1761416200623
UN,BR1,587500.0,880000.0,1761416200623
UN,NFI,16.1,17.075,1761416200623
UN,CLI,123.75,208.75,1761416200623
UN,CBL,91050.0,95200.0,1761416200623
UN,ETC,9950.0,19433.333333333332,1761416200623
UN,BHP,3220.0,4112.5,1761416200623
UN,CBM,63500.0,64200.0,1761416200623
UN,CF,4952.5,7320.0,1761416200623
UN,CST,,3110.0,1761416200623
UN,DA,45250.0,55000.0,1761416200623
UN,DCH,21666.666666666668,30500.0,1761416200623
UN,DDT,2402.5,2990.0,1761416200623
UN,GC,239.5,382.5,1761416200623
UN,SEQ,16250.0,19000.0,1761416200623
UN,SIL,600.0,2610.0,1761416200623
UN,CAF,1350.0,1735.0,1761416200623
UN,MHL,4440.0,5437.5,1761416200623
UN,CCD,80025.0,82600.0,1761416200623
UN,BBH,2495.0,2542.5,1761416200623
UN,SSC,469.75,594.5,1761416200623
UN,SEN,770.0,1094.75,1761416200623
UN,DCM,4100.0,5426.666666666667,1761416200623
UN,COF,762.5,817.75,1761416200623
UN,ASE,36125.0,40533.333333333336,1761416200623
UN,AWH,12000.0,22050.0,1761416200623
UN,DCS,1647.5,2055.0,1761416200623
UN,DD,36000.0,41100.0,1761416200623
UN,ENG,550000.0,1043000.0,1761416200623
UN,LIS,450500.0,473750.0,1761416200623
UN,NA,25.0,25.200000000000003,1761416200623
UN,OVE,125.5,144.5,1761416200623
UN,GIN,1485.0,1640.0,1761416200623
UN,PE,10.8,11.600000000000001,1761416200623
UN,FAL,1756.6666666666667,3182.5,1761416200623
UN,FE,923.0,1040.5,1761416200623
UN,PDA,2050.0,2547.5,1761416200623
UN,N,104.5,109.225,1761416200623
UN,ADS,98775.0,118750.0,1761416200623
UN,BL,7125.0,8500.0,1761416200623
UN,BPT,4800.0,8150.0,1761416200623
UN,BWH,3375.0,9500.0,1761416200623
UN,DRF,5177.5,6197.5,1761416200623
UN,EDC,8002.5,9872.5,1761416200623
UN,HER,1877.5,2340.0,1761416200623
UN,PSL,3750.0,4205.0,1761416200623
UN,S,143.75,194.75,1761416200623
UN,SCN,2077.5,2482.5,1761416200623
UN,BE,1423.3333333333333,1647.5,1761416200623
UN,HEX,1000.0,2000.0,1761416200623
UN,CBS,42025.0,43200.0,1761416200623
UN,WR,140000.0,150000.0,1761416200623
UN,THF,411.0,485.75,1761416200623
UN,CRU,250000.0,900000.0,1761416200623
UN,DV,12333.333333333334,14333.333333333334,1761416200623
UN,EES,31000.0,55900.0,1761416200623
UN,F,1205.0,3375.0,1761416200623
UN,FEO,121.75,136.25,1761416200623
UN,MAG,167.0,317.0,1761416200623
UN,MED,1195.0,1335.0,1761416200623
UN,RED,60000.0,67000.0,1761416200623
UN,FET,2425.0,3570.0,1761416200623
UN,LFE,151666.66666666666,170500.0,1761416200623
UN,AUO,370.0,456.25,1761416200623
UN,WS,3752.5,4790.0,1761416200623
UN,RAM,2216.6666666666665,3022.5,1761416200623
UN,AEF,3990.0,4957.5,1761416200623
UN,FLP,537.25,637.75,1761416200623
UN,HHP,5000.0,5000.0,1761416200623
UN,PSS,1070.0,1320.0,1761416200623
UN,TA,8500.0,10400.0,1761416200623
UN,FF,17.5,18.675,1761416200623
UN,AWF,5250.0,5725.0,1761416200623
UN,ALE,1287.5,1380.0,1761416200623
UN,BEA,325.25,382.5,1761416200623
UN,BND,200.0,241.25,1761416200623
UN,FUN,160000.0,232666.66666666666,1761416200623
UN,GAL,175.5,225.25,1761416200623
UN,GCH,,10166.666666666666,1761416200623
UN,H,114.75,122.5,1761416200623
UN,IMM,105000.0,116333.33333333333,1761416200623
UN,VCB,,847500.0,1761416200623
UN,C,829.5,870.0,1761416200623
UN,COM,93275.0,119250.0,1761416200623
UN,BRM,157.0,365.25,1761416200623
UN,HE3,332.75,565.75,1761416200623
UN,LIO,366.5,453.75,1761416200623
UN,GEN,167500.0,222500.0,1761416200623
UN,BOR,377.75,508.3333333333333,1761416200623
UN,HCC,650.0,733.25,1761416200623
UN,ZR,12533.333333333334,14000.0,1761416200623
UN,VEG,272.5,308.75,1761416200623
UN,RCO,1105.0,1255.0,1761416200623
UN,NN,56000.0,57333.333333333336,1761416200623
UN,ABH,41600.0,49450.0,1761416200623
UN,ATP,9000.0,25000.0,1761416200623
UN,BGO,2040.0,2390.0,1761416200623
UN,BGS,80000.5,204000.0,1761416200623
UN,BOS,3310.0,4997.5,1761416200623
UN,H2O,39.475,39.95,1761416200623
UN,HAL,264.5,304.75,1761416200623
UN,PSH,8000.0,32750.0,1761416200623
UN,SUN,474.25,634.75,1761416200623
UN,INS,152.5,166.25,1761416200623
UN,COT,3007.5,3442.5,1761416200623
UN,HSE,12800.0,14325.0,1761416200623
UN,PFE,550.0,1277.5,1761416200623
UN,LHP,3352.5,4090.0,1761416200623
UN,HPC,25750.0,26500.0,1761416200623
UN,FSE,662500.0,1075500.0,1761416200623
UN,LDE,9612.5,11675.0,1761416200623
UN,REP,696.5,745.75,1761416200623
UN,LST,129.5,147.75,1761416200623
UN,LBH,4427.5,4927.5,1761416200623
UN,ADE,42525.0,47450.0,1761416200623
UN,GWS,7000000.0,,1761416200623
UN,HTE,3250000.0,5000000.0,1761416200623
UN,PT,471.25,540.5,1761416200623
UN,POW,14575.0,16350.0,1761416200623
UN,LCB,370000.0,707666.6666666666,1761416200623
UN,PWO,329.0,369.5,1761416200623
UN,MB,7516.666666666667,8470.0,1761416200623
UN,RHP,2500.0,4510.0,1761416200623
UN,FFC,240000.0,281250.0,1761416200623
UN,KV,26600.0,30075.0,1761416200623
UN,LC,4440.0,5322.5,1761416200623
UN,ALG,276.25,313.0,1761416200623
UN,RTA,13575.0,19225.0,1761416200623
UN,MFK,245.25,269.0,1761416200623
UN,GRA,2762.5,3327.5,1761416200623
UN,NST,1237.5,1657.5,1761416200623
UN,BRO,1707.5,2575.0,1761416200623
UN,LDI,415.0,621.5,1761416200623
UN,LFP,3250.0,9000.0,1761416200623
UN,RGO,1700.0,2245.0,1761416200623
UN,STL,1930.0,2290.0,1761416200623
UN,ES,1182.5,1455.0,1761416200623
UN,SA,5050.0,12000.0,1761416200623
UN,HSS,2055.0,2687.5,1761416200623
UN,TCS,2270.0,3700.0,1761416200623
UN,ALO,197.75,229.25,1761416200623
UN,AAR,15000.0,15425.0,1761416200623
UN,LOG,68025.0,68800.0,1761416200623
UN,MFE,47500.5,91650.0,1761416200623
UN,RSI,500.0,966.25,1761416200623
UN,ATA,24866.666666666668,28325.0,1761416200623
UN,FLO,22000.0,30000.0,1761416200623
UN,MGS,184.75,308.5,1761416200623
UN,LU,90100.0,130000.0,1761416200623
UN,BRP,4000.0,5800.0,1761416200623
UN,OFF,84.025,97.7,1761416200623
UN,SIO,100.75,116.5,1761416200623
UN,FIR,,1350000.0,1761416200623
UN,MAI,324.5,352.5,1761416200623
UN,GRN,340.25,354.75,1761416200623
UN,MG,88.925,107.025,1761416200623
UN,APT,12100.0,31000.0,1761416200623
UN,LTA,3692.5,4035.0,1761416200623
UN,HCB,2750000.0,3697500.0,1761416200623
UN,TRS,100000.0,250000.0,1761416200623
UN,MPC,1807.5,2205.0,1761416200623
UN,TIO,196.5,253.75,1761416200623
UN,MCG,33.65,35.4,1761416200623
UN,DEC,16750.0,20375.0,1761416200623
UN,MLI,21666.666666666668,29333.333333333332,1761416200623
UN,MTC,0.5,3030.0,1761416200623
UN,CQM,725000.0,1205000.0,1761416200623
UN,MWF,160.25,409.5,1761416200623
UN,TSH,28125.0,31975.0,1761416200623
UN,WAI,91000.0,95000.0,1761416200623
UN,SCB,,103000.0,1761416200623
UN,LCR,1800.0,4700.0,1761416200623
UN,RCT,750000.0,1200000.0,1761416200623
UN,WM,8500.0,22466.666666666668,1761416200623
UN,BTS,321.5,432.0,1761416200623
UN,MGC,,15250.0,1761416200623
UN,OS,44500.0,48000.0,1761416200623
UN,NS,273.75,308.75,1761416200623
UN,PCB,2350.0,2930.0,1761416200623
UN,SWF,183.75,220.0,1761416200623
UN,IND,3665.0,5260.0,1761416200623
UN,SDR,100000.0,105500.0,1761416200623
UN,HOG,7000.0,9000.0,1761416200623
UN,MUS,267.25,307.5,1761416200623
UN,NF,10400.0,12900.0,1761416200623
UN,RAG,500000.0,725000.0,1761416200623
UN,MFL,199000.0,239250.0,1761416200623
UN,PSM,2182.5,2655.0,1761416200623
UN,RAT,157.25,161.25,1761416200623
UN,RBH,15200.0,17325.0,1761416200623
UN,RCS,160000.0,285000.0,1761416200623
UN,NL,4982.5,6120.0,1761416200623
UN,TRU,440.5,605.5,1761416200623
UN,WCB,433333.3333333333,733750.0,1761416200623
UN,NOZ,10000.0,75000.0,1761416200623
UN,ROM,3950.0,4280.0,1761416200623
UN,SI,1745.0,1875.0,1761416200623
UN,SAR,30750.0,34550.0,1761416200623
UN,RSE,22875.0,26925.0,1761416200623
UN,RSH,24750.0,33600.0,1761416200623
UN,SAL,7350.0,9816.666666666666,1761416200623
UN,AEN,994500.0,,1761416200623
UN,REA,600.0,751.0,1761416200623
UN,SC,718.5,850.0,1761416200623
UN,SEA,84.025,148.0,1761416200623
UN,AFR,19666.666666666668,40000.0,1761416200623
UN,SNM,100000.0,109500.0,1761416200623
UN,SOL,967.5,1395.0,1761416200623
UN,OLF,1133.3333333333333,1933.3333333333333,1761416200623
UN,SRD,74525.0,100000.0,1761416200623
UN,STR,1762.5,2532.5,1761416200623
UN,STS,60000.5,172000.0,1761416200623
UN,SU,120000.0,300000.0,1761416200623
UN,SUD,100250.0,,1761416200623
UN,TC,6583.333333333333,11796.666666666666,1761416200623
UN,SOI,423.6666666666667,585.25,1761416200623
UN,TAC,150000.0,525000.0,1761416200623
UN,TCB,,32500.0,1761416200623
UN,MTP,1450.0,1832.5,1761416200623
UN,CUO,474.5,671.25,1761416200623
UN,TK,30000.0,42500.0,1761416200623
UN,TS,118.75,269.0,1761416200623
UN,THP,4850.0,5260.0,1761416200623
UN,NV2,202000.0,306000.0,1761416200623
UN,TRN,398.25,460.75,1761416200623
UN,UTS,5050.0,6120.0,1761416200623
UN,WAL,3306.6666666666665,6145.0,1761416200623
UN,VIT,500.0,710.0,1761416200623
UN,VSC,,33666.666666666664,1761416200623
UN,W,7702.5,11550.0,1761416200623
UN,WIN,5655.0,6392.5,1761416200623
UN,AIR,200000.0,227750.0,1761416200623
UN,WOR,,154500.0,1761416200623
UN,RG,926.75,1192.5,1761416200623
UN,GNZ,,45000.0,1761416200623
UN,NE,227.0,317.0,1761416200623
UN,LSL,310000.0,474000.0,1761416200623
UN,PG,43.0,47.1,1761416200623
UN,BFP,,20000.0,1761416200623
UN,HAM,1000000.0,,1761416200623
UN,VFT,300000.0,,1761416200623
UN,VOE,3000000.0,,1761416200623
